UPDATE; "update $table set join(, , $a) where $idcol = sqlq($cols[$idcol])"; NA; ""; ""; false
INSERT; "insert into $table set join(, , $a)"; NA; ", $a"; ""; false
UPDATE; "update $table set join(, , $a) where $idcol = $idcol"; NA; ""; ""; false
SELECT; "select length( $check_contents ) from $table where $idcol = $idcol"; NA; ", checkcontents"; "$idcol"; false
SELECT; "select paper, compression from PaperStorage where paperStorageId= paperStorageId"; PaperStorage; "paper, compression"; "paperStorageId"; true
SELECT; "select paperId, tagIndex from PaperTag where tag= sqlq($t)"; PaperTag; "paperid, tagindex"; "sqlq($t)"; false
SELECT; "select Paper.title, PaperReview.*, ContactInfo.firstName, ContactInfo.lastName, ContactInfo.email, conflictType, ContactReview.reviewType as myReviewType from PaperReview join Paper using (paperId) join ContactInfo on (ContactInfo.contactId=PaperReview.contactId) left join PaperConflict on (PaperConflict.contactId= contactId and PaperConflict.paperId=PaperReview.paperId) left join PaperReview as ContactReview on (ContactReview.contactId= contactId and ContactReview.paperId=PaperReview.paperId) where PaperReview.paperId= paperId order by reviewOrdinal"; PaperConflict; "papertitle, paperreview, contactinfofirstname, contactinfolastname, contactinfoemail, conflicttype, contactreviewreviewtype"; "paperId"; true
SELECT; "select R.paperId, P.title from PaperReview R join Paper P using (paperId) where R.contactId= contactId and R.timeRequested>R.timeRequestNotified and R.reviewSubmitted is null and R.reviewNeedsSubmit!=0 order by R.paperId"; PaperReview; "rpaperid, ptitle"; "contactId"; true
SELECT; "select u.contactId, firstName, lastName, email, preferredEmail, password $qa , conflictType, 0 myReviewType from ContactInfo u join PaperConflict using (contactId) where paperId= paperId and conflictType>= CONFLICT_AUTHOR group by u.contactId"; PaperConflict; "ucontactid, firstname, lastname, email, preferredemail, password, qa, , conflicttype, 0, myreviewtype"; "paperId"; true
SELECT; "select u.contactId, firstName, lastName, email, preferredEmail, password $qa , conflictType, reviewType myReviewType from ContactInfo u join PaperReview on (PaperReview.contactId=u.contactId and PaperReview.paperId= paperId ) left join PaperConflict on (PaperConflict.contactId=u.contactId and PaperConflict.paperId= paperId ) group by u.contactId"; PaperConflict; "ucontactid, firstname, lastname, email, preferredemail, password, qa, , conflicttype, reviewtype, myreviewtype"; ""; true
UPDATE; "update Paper set outcome= $o where paperId= paperId"; Paper; "outcome"; "$o"; true
INSERT; "insert into PaperReviewPreference (paperId, contactId, preference) values ( paperId , $contactId , $v ) on duplicate key update preference=values(preference)"; PaperReviewPreference; "paperid, contactid, preference"; "paperId, $contactId, $v"; true
INSERT; "insert into PaperTag (paperId, tag, tagIndex) values ( paperId , sqlq($mytag) , $rank ) on duplicate key update tagIndex=values(tagIndex)"; PaperTag; "paperid, tag, tagindex"; "paperId, sqlq($mytag), $rank"; false
SELECT; "select Paper.paperId, title, tagIndex from Paper join PaperTag on (PaperTag.paperId=Paper.paperId and PaperTag.tag= sqlq($Me->contactId . ~ . $tag) ) order by tagIndex, Paper.paperId"; Paper; "paperpaperid, title, tagindex"; ""; false
UPDATE; "update Paper set $field = $contactId where paperId= paperId"; Paper; "title"; "$field, $contactId"; false
SELECT; "select tag, sum(tagIndex) from PaperTag where tag in ( $q ) group by tag"; PaperTag; "tag, tagindex"; "$q"; false
SELECT; "select paperId, reviewType, reviewId, reviewModified, reviewSubmitted, reviewNeedsSubmit, reviewOrdinal, contactId reviewContactId, requestedBy, reviewToken, reviewRound, 0 conflictType from PaperReview where paperId in ( join(, , array_keys($by_pid)) ) and contactId= reviewerContact"; PaperReview; "paperid, reviewtype, reviewid, reviewmodified, reviewsubmitted, reviewneedssubmit, reviewordinal, contactid, reviewcontactid, requestedby, reviewtoken, reviewround, 0, conflicttype"; "array_keys($by_pid), reviewerContact"; true
SELECT; "select optionId, value, data from PaperOption where paperId= paperId"; PaperOption; "optionid, value, data"; "paperId"; false
SELECT; "select tag, sum(tagIndex) from $table where tag in ( $q ) group by tag"; NA; "tag, tagindex"; "$q"; false
SELECT; "select max(tagIndex) from $table where tag= sqlq($base)"; NA; "tagindex"; "sqlq($base)"; false
SELECT; "select $pidcol , tag, tagIndex from $table where substr($q, 0, strlen($q) - 4) order by tagIndex"; NA; "pidcol, , tag, tagindex"; "strlen($q)"; false
INSERT; "insert into $table ( $pidcol , tag, tagIndex) values substr($q_keepnew, 0, strlen($q_keepnew) - 2) on duplicate key update tagIndex=values(tagIndex)"; NA; "$pidcol, , tag, tagindex"; "strlen($q_keepnew) - 2"; false
INSERT; "insert into $table ( $pidcol , tag, tagIndex) values substr($q_keepold, 0, strlen($q_keepold) - 2) on duplicate key update tagIndex=tagIndex"; NA; "$pidcol, , tag, tagindex"; "strlen($q_keepold) - 2"; false
SELECT; "select $pidcol from $table where tag in ( substr($q, 0, strlen($q) - 1) ) group by $pidcol"; NA; "pidcol"; "strlen($q), $pidcol"; false
SELECT; "select $pidcol , substring(tag from position(~ in tag) + 1) as tagBase, sum(tagIndex) from $table where $pidcol in ( join(, , $xpids) ) and (false or"; ActionLog; "pidcol, , tag"; "$pidcol, $xpids"; true
INSERT; "insert into $table ( $pidcol , tag, tagIndex) values join(, , $ins) on duplicate key update tagIndex=values(tagIndex)"; NA; "$pidcol, , tag, tagindex"; ""; false
SELECT; "select PCMember.contactId, PaperConflict.conflictType, reviewType, reviewModified, reviewId from PCMember left join PaperConflict on (PaperConflict.contactId=PCMember.contactId and PaperConflict.paperId= paperId ) left join PaperReview on (PaperReview.contactId=PCMember.contactId and PaperReview.paperId= paperId ) $where"; PaperConflict; "pcmembercontactid, paperconflictconflicttype, reviewtype, reviewmodified, reviewid"; ""; true
INSERT; "insert into PaperConflict (paperId, contactId, conflictType) values ( paperId , contactId , CONFLICT_CHAIRMARK )"; PaperConflict; "paperid, contactid, conflicttype"; "paperId, contactId, CONFLICT_CHAIRMARK"; true
SELECT; "select reviewId, firstName, lastName, email, password from PaperReview join ContactInfo on (ContactInfo.contactId=PaperReview.requestedBy) where paperId= paperId and PaperReview.contactId= $reqId"; ContactInfo; "reviewid, firstname, lastname, email, password"; "paperId, $reqId"; false
SELECT; "select paperId, <conflict> from PaperConflict where paperId= paperId and contactId= $reqId union select paperId, reason from PaperReviewRefused where paperId= paperId and contactId= $reqId"; PaperConflict; "paperid, conflict"; "paperId, $reqId"; true
SELECT; "select firstName, lastName, ContactInfo.email, ContactInfo.contactId from ReviewRequest join ContactInfo on (ContactInfo.contactId=ReviewRequest.requestedBy) where paperId= paperId and ReviewRequest.email= sqlq($Them->email)"; ReviewRequest; "firstname, lastname, contactinfoemail, contactinfocontactid"; "paperId, sqlq($Them->email)"; false
INSERT; "insert into PaperReview (paperId, contactId, reviewType, requestedBy $qa ) values ( paperId , $reqId , REVIEW_EXTERNAL , contactId $qb )"; PaperReview; "paperid, contactid, reviewtype, requestedby, $qa"; "paperId, $reqId, REVIEW_EXTERNAL, contactId, $qb"; true
UPDATE; "update PaperReview set reviewNeedsSubmit=-1 where paperId= paperId and reviewType= REVIEW_SECONDARY and contactId= contactId and reviewSubmitted is null and reviewNeedsSubmit=1"; PaperReview; "reviewNeedsSubmit"; ""; true
INSERT; "insert into ReviewRequest (paperId, name, email, requestedBy, reason) values ( paperId , sqlq($name) , sqlq($email) , cid , sqlq(trim($_REQUEST[reason])) ) on duplicate key update paperId=paperId"; ReviewRequest; "paperid, name, email, requestedby, reason"; "paperId, sqlq($name), sqlq($email), cid, sqlq(trim($_REQUEST["reason"]))"; false
SELECT; "select reviewId from PaperReview where reviewToken= $token"; PaperReview; "reviewid"; "$token"; true
SELECT; "select contactId from ContactInfo where email= sqlq($contactemail)"; ContactInfo; "contactid"; "sqlq($contactemail)"; true
INSERT; "insert into ContactInfo (firstName, lastName, email, affiliation, password, creationTime) values (Jane Q., Public, sqlq($contactemail) , Unaffiliated, sqlq(Contact::random_password(20)) , $now )"; ContactInfo; "firstname, lastname, email, affiliation, password, creationtime"; "sqlq($contactemail), sqlq(Contact::random_password(20)), $now"; false
INSERT; "insert into PaperReview (paperId, contactId, reviewType, requestedBy, reviewToken $qa ) values ( paperId , $reqId , REVIEW_EXTERNAL , cid , $token $qb )"; PaperReview; "paperid, contactid, reviewtype, requestedby, reviewtoken, $qa"; "paperId, $reqId, REVIEW_EXTERNAL, cid, $token, $qb"; true
SELECT; "select requestedBy from ReviewRequest where paperId= paperId and email= sqlq($email)"; ReviewRequest; "requestedby"; "paperId, sqlq($email)"; true
INSERT; "insert into PaperReviewRefused (paperId, contactId, requestedBy, reason) values ( paperId , $reqId , contactId , request denied by chair)"; PaperReviewRefused; "paperid, contactid, requestedby, reason"; "paperId, $reqId, contactId"; false
SELECT; "select ContactInfo.contactId, firstName, lastName, email, $contactTags , PaperConflict.conflictType, PaperReview.reviewType, coalesce(preference, 0) as preference, coalesce(allReviews, ) as allReviews, coalesce(PaperTopics.topicInterestScore, 0) as topicInterestScore, coalesce(PRR.paperId, 0) as refused from ContactInfo join PCMember using (contactId) left join PaperConflict on (PaperConflict.contactId=ContactInfo.contactId and PaperConflict.paperId= paperId ) left join PaperReview on (PaperReview.contactId=ContactInfo.contactId and PaperReview.paperId= paperId ) left join PaperReviewPreference on (PaperReviewPreference.contactId=ContactInfo.contactId and PaperReviewPreference.paperId= paperId ) left join (select PaperReview.contactId, group_concat(reviewType separator ) as allReviews from PaperReview join Paper on (Paper.paperId=PaperReview.paperId and timeWithdrawn<=0) group by PaperReview.contactId) as AllReviews on (AllReviews.contactId=ContactInfo.contactId) left join (select contactId, sum(if(interest=2, 2, interest-1)) as topicInterestScore from PaperTopic join TopicInterest using (topicId) where paperId= paperId group by contactId) as PaperTopics on (PaperTopics.contactId=ContactInfo.contactId) left join PaperReviewRefused PRR on (PRR.paperId= paperId and PRR.contactId=ContactInfo.contactId) group by email"; PaperReviewPreference; "contactinfocontactid, firstname, lastname, email, contacttags, , paperconflictconflicttype, paperreviewreviewtype, preference, 0, allreviews, papertopicstopicinterestscore, topicinterestscore, prrpaperid"; "paperId"; true
SELECT; "select name, ReviewRequest.email, firstName as reqFirstName, lastName as reqLastName, ContactInfo.email as reqEmail, requestedBy, reason from ReviewRequest join ContactInfo on (ContactInfo.contactId=ReviewRequest.requestedBy) where ReviewRequest.paperId= paperId"; ReviewRequest; "name, reviewrequestemail, firstname, reqfirstname, lastname, reqlastname, contactinfoemail, reqemail, requestedby, reason"; "paperId"; false
INSERT; "insert into Settings (name, value, data) values (autoassign_badpairs, isset($_REQUEST[badpairs]) ? 1 : 0 , sqlq(join( , $x)) ) on duplicate key update data=values(data), value=values(value)"; Settings; "name, value, data"; "isset($_REQUEST["badpairs"]), 1, 0"; false
SELECT; "select PC.contactId, group_concat(R.reviewType separator ), group_concat(R.reviewType separator ) from PCMember PC left join PaperReview R on (R.contactId=PC.contactId) where R.paperId PaperSearch::sqlNumericSet($papersel) group by PC.contactId"; PaperReview; "pccontactid, grouprreviewtype, separator, "; "PaperSearch::sqlNumericSet($papersel)"; true
SELECT; "select p.paperId, p.managerContactId from Paper p join PaperConflict c on (c.paperId=p.paperId) where c.conflictType!=0 and c.contactId= cid"; PaperConflict; "ppaperid, pmanagercontactid"; "cid"; true
SELECT; "select paperId, 0 from PaperConflict where conflictType!=0 and contactId= cid"; PaperConflict; "paperid, 0"; "cid"; true
SELECT; "select paperId, contactId from PaperReview where reviewType= $reviewtype"; PaperReview; "paperid, contactid"; "$reviewtype"; true
SELECT; "select paperId, contactId from PaperConflict where conflictType>0 and conflictType< CONFLICT_AUTHOR"; PaperConflict; "paperid, contactid"; ""; true
SELECT; "select paperId, $reviewtype ContactId from Paper where $reviewtype ContactId!=0"; Paper; "paperid, reviewtype, contactid"; "$reviewtype"; true
SELECT; "select PCMember.contactId, count(reviewId) from PCMember left join PaperReview on (PaperReview.contactId=PCMember.contactId and PaperReview.reviewType= $reviewtype ) group by PCMember.contactId"; PaperReview; "pcmembercontactid, reviewid"; ""; true
SELECT; "select PCMember.contactId, count(paperId) from PCMember left join Paper on (Paper. $atype ContactId=PCMember.contactId) where not (paperId in ( join(, , $papersel) )) group by PCMember.contactId"; Paper; "pcmembercontactid, paperid"; "$papersel"; true
SELECT; "select Paper.paperId, PCMember.contactId, coalesce(PaperConflict.conflictType, 0) as conflictType, coalesce(PaperReviewPreference.preference, 0) as preference, coalesce(PaperReview.reviewType, 0) as reviewType, coalesce(PaperReview.reviewSubmitted, 0) as reviewSubmitted, coalesce( $score , 0) as reviewScore, topicInterestScore, coalesce(PRR.contactId, 0) as refused from Paper join PCMember left join PaperConflict on (Paper.paperId=PaperConflict.paperId and PCMember.contactId=PaperConflict.contactId) left join PaperReviewPreference on (Paper.paperId=PaperReviewPreference.paperId and PCMember.contactId=PaperReviewPreference.contactId) left join PaperReview on (Paper.paperId=PaperReview.paperId and PCMember.contactId=PaperReview.contactId) left join (select paperId, PCMember.contactId, sum(if(interest=2, 2, interest-1)) as topicInterestScore from PaperTopic join PCMember join TopicInterest on (TopicInterest.topicId=PaperTopic.topicId) group by paperId, PCMember.contactId) as PaperTopics on (Paper.paperId=PaperTopics.paperId and PCMember.contactId=PaperTopics.contactId) left join PaperReviewRefused PRR on (Paper.paperId=PRR.paperId and PCMember.contactId=PRR.contactId) group by Paper.paperId, PCMember.contactId"; PaperReviewPreference; "paperpaperid, pcmembercontactid, paperconflictconflicttype, 0, conflicttype, paperreviewpreferencepreference, preference, paperreviewreviewtype, reviewtype, paperreviewreviewsubmitted, reviewsubmitted, , score, reviewscore, topicinterestscore, prrcontactid"; ""; true
SELECT; "select paperId, count(reviewId) from PaperReview where reviewType= $reviewtype group by paperId"; PaperReview; "paperid, reviewid"; "$reviewtype"; true
SELECT; "select paperId from Paper where $atype ContactId=0"; Paper; "paperid"; "$atype"; true
INSERT; "insert into PaperConflict (paperId, contactId, conflictType) values substr($q, 2) on duplicate key update conflictType=greatest(conflictType, CONFLICT_CHAIRMARK )"; PaperConflict; "paperid, contactid, conflicttype"; "substr($q,2), CONFLICT_CHAIRMARK"; true
SELECT; "select PCMember.contactId, paperId, reviewId, reviewType, reviewModified from PCMember join PaperReview using (contactId) where reviewType= $reviewtype"; PaperReview; "pcmembercontactid, paperid, reviewid, reviewtype, reviewmodified"; "$reviewtype"; true
UPDATE; "update Paper set $reviewtype ContactId=0 where paperId= $pid and $reviewtype ContactId= $pc"; Paper; "leadContactId"; "$reviewtype, "ContactId=""; true
UPDATE; "update Paper set $atype ContactId= key($pcs) where paperId= $pid"; Paper; "leadContactId"; "$atype, "ContactId=", key($pcs)"; true
SELECT; "select paperId, timeSubmitted, timeWithdrawn from Paper where paperId in ( $paperIds )"; Paper; "paperid, timesubmitted, timewithdrawn"; "$paperIds"; true
SELECT; "select paperId, contactId from PaperReview where paperId in ( $paperIds )"; PaperReview; "paperid, contactid"; "$paperIds"; true
SELECT; "select paperId, contactId from PaperConflict where paperId in ( $paperIds )"; PaperConflict; "paperid, contactid"; "$paperIds"; true
INSERT; "insert into PaperConflict (paperId, contactId, conflictType) values ( $paperId , $cid , -$t ) on duplicate key update conflictType= -$t"; PaperConflict; "paperid, contactid, conflicttype"; "$paperId, $cid, -$t"; true
INSERT; "insert into PaperComment ( $qa ) select $qb"; PaperComment; "$qa"; ""; true
UPDATE; "update PaperComment set timeModified= $now $qa , comment= sqlq($text) ,"; PaperComment; "timeModified, comment"; "$now, $qa, sqlq($text)"; false
SELECT; "select commentId from PaperComment where paperId= paperId and $q"; PaperComment; "commentid"; "paperId, $q"; false
INSERT; "insert into PaperConflict (paperId, contactId, conflictType) values ( $paperId , $contactId , CONFLICT_CONTACTAUTHOR ) on duplicate key update conflictType= CONFLICT_CONTACTAUTHOR"; PaperConflict; "paperid, contactid, conflicttype"; "$paperId, $contactId, CONFLICT_CONTACTAUTHOR"; true
SELECT; "select count(paperId) from PaperConflict where paperId= paperId and conflictType>= CONFLICT_AUTHOR group by paperId"; PaperConflict; "paperid"; "paperId"; true
SELECT; "select firstName, lastName, email, contactId from ContactInfo join PaperConflict using (contactId) where paperId= paperId and conflictType>= CONFLICT_AUTHOR order by lastName, firstName, email"; PaperConflict; "firstname, lastname, email, contactid"; "paperId"; true
SELECT; "select o.value from PaperOption o join PaperStorage s on (s.paperStorageId=o.value) where o.paperId= $paperId and o.optionId= $documentType and s.filename= sqlq($m[2])"; PaperStorage; "ovalue"; "$paperId, $documentType, sqlq($m[2])"; true
INSERT; "insert into ChairAssistant (contactId) values ( cid )"; ChairAssistant; "contactid"; "cid"; true
UPDATE; "update ContactInfo set roles= ROLE_ADMIN where contactId= cid"; ContactInfo; "roles"; "ROLE_ADMIN"; true
UPDATE; "update ContactInfo set visits=visits+1, lastLogin= time() where contactId= cid"; ContactInfo; "visits, lastLogin"; "time()"; true
SELECT; "select count(ta.topicId), count(ti.topicId) from TopicArea ta left join TopicInterest ti on (ti.contactId= cid and ti.topicId=ta.topicId)"; TopicInterest; "tatopicid, titopicid"; ""; true
SELECT; "select paperId from PaperReview where reviewType> REVIEW_PC and timeRequested>timeRequestNotified and reviewSubmitted is null and reviewNeedsSubmit!=0 limit 1"; PaperReview; "paperid"; ""; true
SELECT; "select paperId from PaperReview where reviewToken= $token"; PaperReview; "paperid"; "$token"; true
SELECT; "select rating, count(PaperReview.reviewId) from PaperReview join ReviewRating on (PaperReview.contactId= cid and PaperReview.reviewId=ReviewRating.reviewId $qx ) group by rating order by rating desc"; ReviewRating; "rating, paperreviewreviewid"; ""; true
SELECT; "select contactId, email from ContactInfo where join( or , $where)"; ContactInfo; "contactid, email"; "$where"; false
SELECT; "select logId, unix_timestamp(time) as timestamp, ipaddr, contactId, action, firstName, lastName, email, paperId from ActionLog join ContactInfo using (contactId)"; ContactInfo; "logid, unixtime, timestamp, ipaddr, contactid, action, firstname, lastname, email, paperid"; ""; false
SELECT; "select * from MailLog where mailId= $_REQUEST[fromlog]"; MailLog; "mailId, recipients, paperIds, cc, replyto, subject, emailBody"; ""; false
SELECT; "select $contactInfo , 0 as conflictType, -1 as paperId from ContactInfo left join PCMember using (contactId)"; ContactInfo; "contactinfo, , 0, conflicttype, 1"; ""; true
SELECT; "select $contactInfo , 0 as conflictType, -1 as paperId from ContactInfo join PCMember using (contactId)"; ContactInfo; "contactinfo, , 0, conflicttype, 1"; ""; true
SELECT; "select $contactInfo , 0 as conflictType, $paperInfo , PaperReview.reviewType, PaperReview.reviewType as myReviewType from PaperReview join Paper using (paperId) join ContactInfo using (contactId) left join PCMember on (PCMember.contactId=ContactInfo.contactId)"; ContactInfo; "contactinfo, , 0, conflicttype, paperinfo, paperreviewreviewtype"; ""; true
SELECT; "select $contactInfo , conflictType, $paperInfo , PaperReview.reviewType, PaperReview.reviewType as myReviewType from Paper join ContactInfo on (ContactInfo.contactId=Paper. $type ContactId) left join PaperReview on (PaperReview.paperId=Paper.paperId and PaperReview.contactId=ContactInfo.contactId) left join PaperConflict on (PaperConflict.paperId=Paper.paperId and PaperConflict.contactId=ContactInfo.contactId) left join PCMember on (PCMember.contactId=ContactInfo.contactId)"; PaperConflict; "contactinfo, , conflicttype, paperinfo, paperreviewreviewtype"; ""; true
SELECT; "select $contactInfo $qa , PaperConflict.conflictType, $paperInfo , 0 as myReviewType from Paper left join PaperConflict using (paperId) join ContactInfo using (contactId) $qb left join PCMember on (PCMember.contactId=ContactInfo.contactId)"; PaperConflict; "contactinfo, qa, , paperconflictconflicttype, paperinfo, 0"; ""; true
INSERT; "insert into MailLog (recipients, cc, replyto, subject, emailBody) values ( sqlq($_REQUEST[recipients]) , sqlq($_REQUEST[cc]) , sqlq($_REQUEST[replyto]) , sqlq($subject) , sqlq($_REQUEST[emailBody]) )"; MailLog; "recipients, cc, replyto, subject, emailbody"; "sqlq($_REQUEST["recipients"]), sqlq($_REQUEST["cc"]), sqlq($_REQUEST["replyto"]), sqlq($subject), sqlq($_REQUEST["emailBody"])"; false
UPDATE; "update PaperReview set timeRequestNotified= time() where join( or , $revinform)"; PaperReview; "timeRequestNotified"; "time()"; true
SELECT; "select paperId from PaperReview where reviewType>= REVIEW_PC and timeRequested>timeRequestNotified and reviewSubmitted is null and reviewNeedsSubmit!=0"; PaperReview; "paperid"; ""; true
SELECT; "select Paper.paperId, PaperConflict.conflictType, reviewId, reviewType, reviewModified from Paper left join PaperReview on (Paper.paperId=PaperReview.paperId and PaperReview.contactId= $reviewer ) left join PaperConflict on (Paper.paperId=PaperConflict.paperId and PaperConflict.contactId= $reviewer ) where timeSubmitted>0 order by paperId asc, reviewId asc"; PaperConflict; "paperpaperid, paperconflictconflicttype, reviewid, reviewtype, reviewmodified"; ""; true
INSERT; "insert into PaperConflict (paperId, contactId, conflictType) values substr($ins, 2) on duplicate key update conflictType=greatest(conflictType, values(conflictType))"; PaperConflict; "paperid, contactid, conflicttype"; "substr($ins,2)"; true
SELECT; "select ContactInfo.contactId, firstName, lastName, count(reviewId) as reviewCount from ContactInfo join PCMember using (contactId) left join PaperReview on (ContactInfo.contactId=PaperReview.contactId and PaperReview.reviewType>= REVIEW_SECONDARY ) group by contactId order by lastName, firstName, email"; ContactInfo; "contactinfocontactid, firstname, lastname, reviewid"; ""; true
SELECT; "select firstName, lastName, affiliation, collaborators from ContactInfo where contactId= $reviewer"; ContactInfo; "firstname, lastname, affiliation, collaborators"; "$reviewer"; false
SELECT; "select topicName, interest from TopicArea join TopicInterest using (topicId) where contactId= $reviewer order by topicName"; TopicInterest; "topicname, interest"; "$reviewer"; true
UPDATE; "update $table set $field = $newid where $field = $oldid"; NA; ""; "$field, $newid"; false
UPDATE; "update ignore $table set $field = $newid where $field = $oldid"; TopicInterest; "topicId"; "$field, $newid"; true
SELECT; "select paperId, authorInformation from Paper where authorInformation like % sqlq_for_like($MiniMe->email) %"; Paper; "paperid, authorinformation"; "sqlq_for_like($MiniMe->email)"; true
UPDATE; "update Paper set authorInformation= sqlq($row[1]) where paperId= $row[0]"; Paper; "authorInformation"; "sqlq($row[1])"; false
SELECT; "select paperId, conflictType from PaperConflict where contactId= $oldid"; PaperConflict; "paperid, conflicttype"; "$oldid"; true
INSERT; "insert into PaperConflict (paperId, contactId, conflictType) values substr($values, 2) on duplicate key update conflictType=greatest(conflictType, values(conflictType))"; PaperConflict; "paperid, contactid, conflicttype"; "substr($values,2), $values"; true
UPDATE; "update ContactInfo set roles= roles where contactId= contactId"; ContactInfo; "roles"; "roles"; true
SELECT; "select PaperReview.reviewId from PaperReview join PaperReview B on (PaperReview.paperId=B.paperId and PaperReview.contactId= $oldid and B.contactId= $newid )"; PaperReview; "paperreviewreviewid"; ""; true
INSERT; "insert into PaperReviewArchive ( $fields ) select $fields from PaperReview where reviewId= $row[0]"; PaperReviewArchive; "$fields"; ""; true
UPDATE; "update Paper set timeWithdrawn= time() , timeSubmitted=if(timeSubmitted>0, -100, 0)"; Paper; "timeWithdrawn, timeSubmitted"; "time()"; true
UPDATE; "update PaperReview set reviewNeedsSubmit=0 where paperId= $paperId"; PaperReview; "reviewNeedsSubmit"; ""; true
UPDATE; "update Paper set timeWithdrawn=0, timeSubmitted=if(timeSubmitted=-100, time() , 0)"; Paper; "timeWithdrawn, timeSubmitted"; "time()"; true
UPDATE; "update PaperReview set reviewNeedsSubmit=1 where paperId= $paperId and reviewSubmitted is null"; PaperReview; "reviewNeedsSubmit"; ""; true
UPDATE; "update PaperReview join PaperReview as Req on (Req.paperId= $paperId and Req.requestedBy=PaperReview.contactId and Req.reviewType= REVIEW_EXTERNAL ) set PaperReview.reviewNeedsSubmit=-1 where PaperReview.paperId= $paperId and PaperReview.reviewSubmitted is null and PaperReview.reviewType= REVIEW_SECONDARY"; PaperReview; "reviewNeedsSubmit"; ""; true
UPDATE; "update PaperReview join PaperReview as Req on (Req.paperId= $paperId and Req.requestedBy=PaperReview.contactId and Req.reviewType= REVIEW_EXTERNAL and Req.reviewSubmitted>0) set PaperReview.reviewNeedsSubmit=0 where PaperReview.paperId= $paperId and PaperReview.reviewSubmitted is null and PaperReview.reviewType= REVIEW_SECONDARY"; PaperReview; "reviewNeedsSubmit"; ""; true
SELECT; "select TopicArea.topicId, PaperTopic.paperId from TopicArea left join PaperTopic on PaperTopic.paperId= paperId and PaperTopic.topicId=TopicArea.topicId"; PaperTopic; "topicareatopicid, papertopicpaperid"; ""; true
INSERT; "insert into PaperOption (paperId, optionId, value, data) values ( paperId , optionId , $_REQUEST[opt . $o->optionId] , null)"; PaperOption; "paperid, optionid, value, data"; "paperId, optionId, $o->optionId"; false
INSERT; "insert into PaperConflict (paperId, contactId, conflictType) values ( $paperId , $contactId , CONFLICT_CONTACTAUTHOR )"; PaperConflict; "paperid, contactid, conflicttype"; "$paperId, $contactId, CONFLICT_CONTACTAUTHOR"; true
INSERT; "insert into PaperConflict (paperId, contactId, conflictType) select $paperId , contactId, CONFLICT_AUTHOR from ContactInfo where email in ( substr($aunew, 0, strlen($aunew) - 2) ) on duplicate key update conflictType=greatest(conflictType, CONFLICT_AUTHOR )"; PaperConflict; "paperid, contactid, conflicttype"; ""; true
INSERT; "insert into PaperTopic (paperId, topicId) values substr($q, 0, strlen($q) - 2)"; PaperTopic; "paperid, topicid"; "strlen($q)"; true
INSERT; "insert into PaperOption (paperId, optionId, value, data) values join(, , $q)"; PaperOption; "paperid, optionid, value, data"; ""; false
UPDATE; "update PaperStorage set paperId= $paperId where paperStorageId in ( join(, , $uploaded_documents) )"; PaperStorage; "paperId"; "$paperId"; true
INSERT; "insert into PaperConflict (paperId, contactId, conflictType) values join(, , $q) on duplicate key update conflictType=conflictType"; PaperConflict; "paperid, contactid, conflicttype"; ""; true
UPDATE; "update Paper set $isSubmitFinal ? timeFinalSubmitted : timeSubmitted = time() where paperId= $paperId"; Paper; "timeSubmitted"; "$isSubmitFinal, "timeFinalSubmitted", "timeSubmitted", time()"; true
UPDATE; "update Paper set timeSubmitted=0 where paperId= $paperId"; Paper; "timeSubmitted"; ""; true
INSERT; "insert into $table (contactId) values ( contactId )"; NA; "contactid"; "contactId"; false
INSERT; "insert into ChairAssistant (contactId) values ( contactId )"; ChairAssistant; "contactid"; "contactId"; true
INSERT; "insert into TopicInterest (contactId, topicId, interest) values ( contactId , $id , $value )"; TopicInterest; "contactid, topicid, interest"; "contactId, $id, $value"; true
SELECT; "select Paper.paperId, count(pc.contactId) from Paper join PaperConflict c on (c.paperId=Paper.paperId and c.contactId= $who and c.conflictType>= CONFLICT_AUTHOR ) join PaperConflict pc on (pc.paperId=Paper.paperId and pc.conflictType>= CONFLICT_AUTHOR ) group by Paper.paperId order by Paper.paperId"; PaperConflict; "paperpaperid, pccontactid"; ""; true
SELECT; "select paperId from PaperReview where PaperReview.contactId= $who group by paperId order by paperId"; PaperReview; "paperid"; "$who"; true
SELECT; "select paperId from PaperComment where PaperComment.contactId= $who group by paperId order by paperId"; PaperComment; "paperid"; "$who"; true
SELECT; "select paperId, tag from PaperTag where tag like contactId ~%"; PaperTag; "paperid, tag"; "contactId"; false
UPDATE; "update your count($msgs) ? other : contact information"; ContactInfo; ""; ""; true
SELECT; "select count(ta.topicId), count(ti.topicId) from TopicArea ta left join TopicInterest ti on (ti.contactId= contactId and ti.topicId=ta.topicId)"; TopicInterest; "tatopicid, titopicid"; ""; true
SELECT; "select TopicArea.topicId, TopicArea.topicName, TopicInterest.interest from TopicArea left join TopicInterest on TopicInterest.contactId= contactId and TopicInterest.topicId=TopicArea.topicId order by TopicArea.topicName"; TopicInterest; "topicareatopicid, topicareatopicname, topicinterestinterest"; ""; true
SELECT; "select count(reviewSubmitted), count(reviewId) from PaperReview where paperId= paperId and requestedBy= contactId and reviewType= REVIEW_EXTERNAL"; PaperReview; "reviewsubmitted, reviewid"; "paperId, contactId"; true
UPDATE; "update PaperReview set reviewSubmitted=null, reviewNeedsSubmit= $needsSubmit where reviewId= reviewId"; PaperReview; "reviewSubmitted, reviewNeedsSubmit"; "$needsSubmit"; true
INSERT; "insert into ReviewRating (reviewId, contactId, rating) values ( reviewId , contactId , $_REQUEST[rating] ) on duplicate key update rating= $_REQUEST[rating]"; ReviewRating; "reviewid, contactid, rating"; "reviewId, contactId, $_REQUEST["rating"]"; true
SELECT; "select count(reviewSubmitted), count(reviewId) from PaperReview where paperId= paperId and requestedBy= requestedBy and reviewType= REVIEW_EXTERNAL"; PaperReview; "reviewsubmitted, reviewid"; "paperId, requestedBy"; true
UPDATE; "update PaperReview set reviewNeedsSubmit= $row && $row[1] ? -1 : 1 where reviewType= REVIEW_SECONDARY and paperId= paperId and contactId= requestedBy and reviewSubmitted is null"; PaperReview; "reviewNeedsSubmit"; "$row, $row[1], -1, 1"; true
INSERT; "insert into PaperReviewArchive ( $fields ) select $fields from PaperReview where reviewId= reviewId"; PaperReviewArchive; "$fields"; ""; true
INSERT; "insert into PaperReviewRefused (paperId, contactId, requestedBy, reason) values ( paperId , contactId , requestedBy , sqlqtrim($reason) )"; PaperReviewRefused; "paperid, contactid, requestedby, reason"; "paperId, contactId, requestedBy, sqlqtrim($reason)"; false
SELECT; "select count(reviewSubmitted), count(reviewId) from PaperReview where paperId= paperId and requestedBy= requestedBy and reviewType= REVIEW_EXTERNAL"; PaperReview; "reviewsubmitted, reviewid"; "paperId, requestedBy"; true
UPDATE; "update PaperReview set reviewNeedsSubmit= $row && $row[1] ? -1 : 1 where reviewType= REVIEW_SECONDARY and paperId= paperId and contactId= requestedBy and reviewSubmitted is null"; PaperReview; "reviewNeedsSubmit"; "$row, $row[1], -1, 1"; true
UPDATE; "update PaperReview set reviewModified=1 where reviewId= reviewId and coalesce(reviewModified, 0)<=0"; PaperReview; "reviewModified"; ""; true
INSERT; "insert into PaperReviewPreference (paperId, contactId, preference) values substr($q, 0, strlen($q) - 2) on duplicate key update preference=values(preference)"; PaperReviewPreference; "paperid, contactid, preference"; "strlen($q)"; true
SELECT; "select Paper.paperId, title, firstName, lastName, email, affiliation from Paper join PaperConflict on (PaperConflict.paperId=Paper.paperId and PaperConflict.conflictType>= CONFLICT_AUTHOR ) join ContactInfo on (ContactInfo.contactId=PaperConflict.contactId) where $idq"; PaperConflict; "paperpaperid, title, firstname, lastname, email, affiliation"; "$idq"; true
SELECT; "select Paper.paperId, title, authorInformation from Paper $join where $idq"; Paper; "paperpaperid, title, authorinformation"; "$idq"; false
SELECT; "select Paper.paperId, title, group_concat(concat(PaperConflict.contactId, :, conflictType) separator ) from Paper left join PaperConflict on (PaperConflict.paperId=Paper.paperId) where $idq group by Paper.paperId"; PaperConflict; "paperpaperid, title, grouppaperconflictcontactid, , conflicttype, separator"; "$idq"; true
SELECT; "select Paper.paperId, title, email, firstName, lastName, conflictType from Paper join ContactInfo on (ContactInfo.contactId=Paper. $getaction ContactId) left join PaperConflict on (PaperConflict.paperId=Paper.paperId and PaperConflict.contactId= contactId ) where $idq group by Paper.paperId"; PaperConflict; "paperpaperid, title, email, firstname, lastname, conflicttype"; "$idq"; true
SELECT; "select Paper.paperId, title, firstName, lastName, email from Paper join PaperConflict on (PaperConflict.paperId=Paper.paperId and PaperConflict.conflictType>= CONFLICT_AUTHOR ) join ContactInfo on (ContactInfo.contactId=PaperConflict.contactId) where $idq order by Paper.paperId"; PaperConflict; "paperpaperid, title, firstname, lastname, email"; "$idq"; true
SELECT; "select paperId, title, mimetype from Paper where paperselPredicate($papersel) order by paperId"; Paper; "paperid, title, mimetype"; "paperselPredicate($papersel)"; false
SELECT; "select Paper.paperId, ps.infoJson from Paper join PaperStorage ps on (ps.paperStorageId=Paper.finalPaperStorageId) where Paper.finalPaperStorageId>1 and $idq"; PaperStorage; "paperpaperid, psinfojson"; "$idq"; true
SELECT; "select Paper.paperId, title, authorInformation from Paper where $idq"; Paper; "paperpaperid, title, authorinformation"; "$idq"; false
UPDATE; "update Paper set outcome= $o where paperselPredicate($papersel)"; Paper; "outcome"; "$o"; true
UPDATE; "update Paper set pcPaper= $mt == xpcpaper ? 1 : 0 where paperselPredicate($papersel)"; Paper; "pcPaper, mimetype, paperId"; "$mt, 1, 0"; false
INSERT; "insert into PaperConflict (paperId, contactId, conflictType) (select paperId, contactId , CONFLICT_CHAIRMARK from Paper where paperselPredicate($papersel) ) on duplicate key update conflictType=greatest(conflictType, values(conflictType))"; PaperConflict; "paperid, contactid, conflicttype"; ""; true
SELECT; "select Paper.paperId, reviewId, reviewType, reviewModified, conflictType from Paper left join PaperReview on (Paper.paperId=PaperReview.paperId and PaperReview.contactId= contactId ) left join PaperConflict on (Paper.paperId=PaperConflict.paperId and PaperConflict.contactId= contactId ) where paperselPredicate($papersel, Paper.)"; PaperConflict; "paperpaperid, reviewid, reviewtype, reviewmodified, conflicttype"; ""; true
INSERT; "insert into Settings (name, value, data) values (pldisplay_default, 1, sqlq($_SESSION[pldisplay]) ) on duplicate key update data=values(data)"; Settings; "name, value, data"; "sqlq($_SESSION["pldisplay"])"; false
INSERT; "insert into Settings (name, value, data) values (scoresort_default, 1, sqlq($_SESSION[scoresort]) ) on duplicate key update data=values(data)"; Settings; "name, value, data"; "sqlq($_SESSION["scoresort"])"; false
INSERT; "insert into Formula (name, expression, authorView, createdBy, timeModified) values ( sqlq($name) , sqlq($expr) , $exprViewScore , $Me->privChair ? -$Me->contactId : $Me->contactId , time() )"; Formula; "name, expression, authorview, createdby, timemodified"; "sqlq($name), sqlq($expr), $exprViewScore, $Me->privChair, -$Me->contactId, time()"; false
UPDATE; "update Formula set name= sqlq($name) , expression= sqlq($expr) , authorView= $exprViewScore , timeModified= time() where formulaId= formulaId"; Formula; "name, expression, authorView, timeModified"; "sqlq($name), sqlq($expr), $exprViewScore, time()"; false
INSERT; "insert into Settings (name, value, data) values (ss: sqlq($name) , contactId , sqlq(json_encode($arr)) ) on duplicate key update value=values(value), data=values(data)"; Settings; "name, value, data"; "sqlq($name), contactId, sqlq(json_encode($arr))"; false
SELECT; "select paperId, tag, tagIndex from PaperTag where tag like %~ sqlq_for_like($base)"; PaperTag; "paperid, tag, tagindex"; "sqlq_for_like($base)"; false
INSERT; "insert into PaperTag values join(, , $q)"; PaperTag; "paperId, tag, tagIndex"; ""; false
INSERT; "insert into TopicArea (topicName) values ( sqlq($v) )"; TopicArea; "topicname"; "sqlq($v)"; true
UPDATE; "update TopicArea set topicName= sqlq($v) where topicId= $k"; TopicArea; "topicName"; "sqlq($v)"; false
UPDATE; "update OptionType set optionName= sqlq($_REQUEST[optn . $id]) , description= sqlq(defval($_REQUEST, optd . $id, )) , pcView= $_REQUEST[optp . $id] , optionValues= sqlq(defval($_REQUEST, optv . $id, )) , type= defval($_REQUEST, optvt . $id, 0) , sortOrder= defval($_REQUEST, optfp . $id, $o->sortOrder)"; OptionType; "optionName, description, pcView, optionValues, type, sortOrder"; "sortOrder, $o->sortOrder"; false
INSERT; "insert into OptionType ( $qa ) values ( $qb )"; OptionType; "$qa"; "$qb"; true
UPDATE; "update Paper set outcome=0 where outcome= $k"; Paper; "outcome"; ""; true
UPDATE; "update ReviewFormOptions set description= sqlq($v) where fieldName=outcome and level= $k"; ReviewFormOptions; "description"; "sqlq($v)"; false
INSERT; "insert into ReviewFormOptions set fieldName=outcome, level= $k , description= sqlq($_REQUEST[decn])"; ReviewFormOptions; "$_request[decn]"; ""; true
SELECT; "select ifnull(min(paperId), 0) from Paper where defval($Values, pc_seeall, 0) <= 0 ? timeSubmitted>0 : timeWithdrawn<=0"; Paper; "minpaperid, 0"; ""pc_seeall", 0, "timeSubmitted>0", "timeWithdrawn<=0""; true
INSERT; "insert into Settings (name, value, data) values substr($aq, 2)"; Settings; "name, value, data"; "substr($aq,2)"; false
SELECT; "select firstName, lastName, email from ContactInfo where paperselPredicate($papersel) order by lastName, firstName, email"; ContactInfo; "firstname, lastname, email"; "paperselPredicate($papersel)"; false
SELECT; "select firstName, lastName, email, affiliation from ContactInfo where paperselPredicate($papersel) order by lastName, firstName, email"; ContactInfo; "firstname, lastname, email, affiliation"; "paperselPredicate($papersel)"; false
SELECT; "select firstName, lastName, email, voicePhoneNumber, ContactAddress.* from ContactInfo left join ContactAddress using (contactId) where paperselPredicate($papersel) order by lastName, firstName, email"; ContactAddress; "firstname, lastname, email, voicephonenumber, contactaddress"; "paperselPredicate($papersel)"; true
SELECT; "select outcome, count(paperId) from Paper where timeSubmitted>0 group by outcome"; Paper; "outcome, paperid"; ""; true
SELECT; "select cmt.*, u.firstName as reviewFirstName, u.lastName as reviewLastName, u.email as reviewEmail from PaperComment cmt join ContactInfo u on (u.contactId=cmt.contactId)"; PaperComment; "cmt, ufirstname, reviewfirstname, ulastname, reviewlastname, uemail"; ""; true
INSERT; "insert into Settings (name, value) values (paperlead, 1) on duplicate key update value=1"; Settings; "name, value"; ""; false
SELECT; "select distinct tag from PaperTag t"; PaperTag; "distinct, tag"; ""; false
SELECT; "select * from Formula order by lower(name)"; Formula; "formulaId, name, heading, headingTitle, expression, authorView, createdBy, timeModified"; ""; false
SELECT; "select reviewType, reviewModified, reviewSubmitted, requestedBy, paperId, firstName, lastName, email, password, roles, reviewToken, preferredEmail"; NA; "reviewtype, reviewmodified, reviewsubmitted, requestedby, paperid, firstname, lastname, email, password, roles, reviewtoken, preferredemail"; ""; false
SELECT; "select PC.contactId, group_concat(R.reviewType separator ), group_concat(R.reviewType separator ) from PCMember PC left join PaperReview R on (R.contactId=PC.contactId) left join Paper P on (P.paperId=R.paperId) where P.paperId is null or P.timeWithdrawn<=0 group by PC.contactId"; PaperReview; "pccontactid, grouprreviewtype, separator, "; ""; true
SELECT; "Select one or more PC members to assign."; NA; "one, or, more, pc, members, to, assign"; ""; false
SELECT; "select PCMember.contactId, paperId, reviewId, reviewType, reviewModified from PCMember join PaperReview using (contactId)"; PaperReview; "pcmembercontactid, paperid, reviewid, reviewtype, reviewmodified"; ""; true
INSERT; "insert into Settings (name, value) values (paperlead, 1) on duplicate key update value=1"; Settings; "name, value"; ""; false
SELECT; "Select an assignments file to upload."; NA; "an, assignments, file, to, upload"; ""; false
INSERT; "insert into Settings (name, value) values (bug_doubleencoding, 1)"; Settings; "name, value"; ""; true
SELECT; "select outcome, count(paperId) from Paper where timeSubmitted>0 group by outcome"; Paper; "outcome, paperid"; ""; true
SELECT; "select PaperReview.contactId, count(reviewSubmitted), count(if(reviewNeedsSubmit=0, reviewSubmitted, 1)), group_concat(overAllMerit), PCMember.contactId as pc from PaperReview join Paper using (paperId) left join PCMember on (PaperReview.contactId=PCMember.contactId) where Paper.timeSubmitted>0 group by PaperReview.contactId"; PaperReview; "paperreviewcontactid, reviewsubmitted, ifreviewneedssubmit0, 1, groupoverallmerit, pcmembercontactid"; ""; true
SELECT; "select outcome, count(paperId), max(leadContactId), max(shepherdContactId) from Paper group by outcome"; Paper; "outcome, paperid, leadcontactid, shepherdcontactid"; ""; true
SELECT; "select * from MailLog order by mailId desc limit 18"; MailLog; "mailId, recipients, paperIds, cc, replyto, subject, emailBody"; ""; false
SELECT; "Select a PC member)"; NA; "a, pc, member"; ""; false
SELECT; "select contactId from ChairAssistant"; ChairAssistant; "contactid"; ""; true
SELECT; "Select a review form to upload."; NA; "a, review, form, to, upload"; ""; false
SELECT; "Select a preferences file to upload."; NA; "a, preferences, file, to, upload"; ""; false
SELECT; ". Select a column heading to sort by that column. Enter preferences in the text boxes, or on each paper’s detail page. You may also upload preferences from a text file; see the “Download” and “Upload” links below the paper list.</p>"; Paper; "a, column, heading, to, sort, by, that, enter, preferences, in, the, text, boxes, or, on, each, papers, detail, page, you, may, also, upload"; ""; true
SELECT; "select ContactInfo.contactId, firstName, lastName, count(preference) as preferenceCount from ContactInfo join PCMember using (contactId) left join PaperReviewPreference on (ContactInfo.contactId=PaperReviewPreference.contactId) group by contactId order by lastName, firstName, email"; PaperReviewPreference; "contactinfocontactid, firstname, lastname, preference"; ""; true
INSERT; "insert into Settings (name, value) values (formulas, 1) on duplicate key update value=1"; Settings; "name, value"; ""; false
SELECT; "Select a user&rsquo;s name to edit a profile or change PC/administrator status.</p>"; NA; "a, userrsquos, name, to, edit, profile, or, change, pcadministrator, statusp"; ""; false
SELECT; "select topicId, interest, count(*) from TopicInterest group by topicId, interest"; TopicInterest; "topicid, interest, "; ""; true
SELECT; "select outcome, count(*) from Paper where timeSubmitted>0 group by outcome"; Paper; "outcome, "; ""; true
