SELECT; "select curPiece, curColor, replaced from history where replaced > and gameID = $_SESSION[gameID] order by curColor desc , replaced desc"; history; "curpiece, curcolor, replaced"; ""; true
SELECT; "select curPiece, curColor, replaced from history where replaced > and gameID = $_SESSION[gameID]"; history; "curpiece, curcolor, replaced"; ""; true
SELECT; "SELECT nick FROM players, games WHERE playerID = whitePlayer AND gameID = $_SESSION[gameID]"; games; "nick"; ""; true
SELECT; "SELECT nick FROM players, games WHERE playerID = blackPlayer AND gameID = $_SESSION[gameID]"; games; "nick"; ""; true
UPDATE; "UPDATE games SET lastMove = NOW() WHERE gameID = $_SESSION[gameID]"; games; "lastMove"; ""; true
SELECT; "SELECT * FROM history WHERE gameID = $_SESSION[gameID] ORDER BY timeOfMove"; history; "timeOfMove, gameID, curPiece, curColor, fromRow, fromCol, toRow, toCol, replaced, promotedTo, isInCheck"; ""; false
SELECT; "SELECT * FROM history WHERE gameID = $_SESSION[gameID]"; history; "timeOfMove, gameID, curPiece, curColor, fromRow, fromCol, toRow, toCol, replaced, promotedTo, isInCheck"; ""; false
UPDATE; "UPDATE history SET promotedTo = getPieceName($_POST[promotion]) , isInCheck = $tmpIsInCheck WHERE gameID = $_SESSION[gameID] AND timeOfMove = $history[$numMoves][timeOfMove]"; history; "promotedTo, isInCheck"; "getPieceName($_POST["promotion"]), $tmpIsInCheck"; true
UPDATE; "UPDATE history SET promotedTo = getPieceName($_POST[promotion]) , isInCheck = $tmpIsInCheck WHERE gameID = $_SESSION[gameID] AND timeOfMove = $history[$numMoves][timeOfMove]"; history; "promotedTo, isInCheck"; "getPieceName($_POST["promotion"]), $tmpIsInCheck"; true
UPDATE; "UPDATE history SET promotedTo = getPieceName($_POST[promotion]) , isInCheck = $tmpIsInCheck WHERE gameID = $_SESSION[gameID] AND timeOfMove ="; history; "promotedTo, isInCheck"; "getPieceName($_POST["promotion"]), $tmpIsInCheck"; true
UPDATE; "UPDATE history SET promotedTo = getPieceName($_POST[promotion]) , isInCheck = $tmpIsInCheck WHERE gameID = $_SESSION[gameID]"; history; "promotedTo, isInCheck"; "getPieceName($_POST["promotion"]), $tmpIsInCheck"; true
UPDATE; "UPDATE history SET promotedTo = getPieceName($_POST[promotion]) , isInCheck = $tmpIsInCheck WHERE gameID ="; history; "promotedTo, isInCheck"; "getPieceName($_POST["promotion"]), $tmpIsInCheck"; true
UPDATE; "UPDATE history SET promotedTo = getPieceName($_POST[promotion]) , isInCheck = $tmpIsInCheck"; history; "promotedTo, isInCheck"; "getPieceName($_POST["promotion"]), $tmpIsInCheck"; true
UPDATE; "UPDATE history SET promotedTo = getPieceName($_POST[promotion]) , isInCheck ="; history; "promotedTo, isInCheck"; "getPieceName($_POST["promotion"])"; true
UPDATE; "UPDATE history SET promotedTo = getPieceName($_POST[promotion])"; history; "promotedTo"; "getPieceName($_POST["promotion"])"; true
SELECT; "SELECT whitePlayer FROM games WHERE gameID = $_SESSION[gameID]"; games; "whiteplayer"; ""; true
SELECT; "SELECT blackPlayer FROM games WHERE gameID = $_SESSION[gameID]"; games; "blackplayer"; ""; true
SELECT; "SELECT value FROM preferences WHERE playerID = $opponentID AND preference = emailNotification"; preferences; "value"; "$opponentID"; false
SELECT; "SELECT value FROM preferences WHERE playerID = $opponentID"; preferences; "value"; "$opponentID"; false
SELECT; "SELECT nick FROM players WHERE playerID = $_SESSION[playerID]"; players; "nick"; ""; false
SELECT; "SELECT value FROM preferences WHERE playerID = $opponentID AND preference = history"; preferences; "value"; "$opponentID"; false
SELECT; "SELECT value FROM preferences WHERE playerID = $opponentID"; preferences; "value"; "$opponentID"; false
INSERT; "INSERT INTO history (timeOfMove, gameID, curPiece, curColor, fromRow, fromCol, toRow, toCol, replaced, promotedTo, isInCheck) VALUES (Now(), $_SESSION[gameID] , getPieceName($board[$_POST[fromRow]][$_POST[fromCol]]) , $curColor , $_POST[fromRow] , $_POST[fromCol] , $_POST[toRow] , $_POST[toCol] , null, null, $history[$numMoves][isInCheck] )"; history; "timeofmove, gameid, curpiece, curcolor, fromrow, fromcol, torow, tocol, replaced, promotedto, isincheck"; "$_SESSION["gameID"], getPieceName($board[$_POST["fromRow"]][$_POST["fromCol"]]), $curColor, $_POST["fromRow"], $_POST["fromCol"], $_POST["toRow"], $_POST["toCol"], $history[$numMoves]["isInCheck"]"; true
INSERT; "INSERT INTO history (timeOfMove, gameID, curPiece, curColor, fromRow, fromCol, toRow, toCol, replaced, promotedTo, isInCheck) VALUES (Now(), $_SESSION[gameID] , getPieceName($board[$_POST[fromRow]][$_POST[fromCol]]) , $curColor , $_POST[fromRow] , $_POST[fromCol] , $_POST[toRow] , $_POST[toCol] , null, null, $history[$numMoves][isInCheck]"; history; "timeofmove, gameid, curpiece, curcolor, fromrow, fromcol, torow, tocol, replaced, promotedto, isincheck"; "$_SESSION["gameID"], getPieceName($board[$_POST["fromRow"]][$_POST["fromCol"]]), $curColor, $_POST["fromRow"], $_POST["fromCol"], $_POST["toRow"], $_POST["toCol"], $history[$numMoves]["isInCheck"]"; true
INSERT; "INSERT INTO history (timeOfMove, gameID, curPiece, curColor, fromRow, fromCol, toRow, toCol, replaced, promotedTo, isInCheck) VALUES (Now(), $_SESSION[gameID] , getPieceName($board[$_POST[fromRow]][$_POST[fromCol]]) , $curColor , $_POST[fromRow] , $_POST[fromCol] , $_POST[toRow] , $_POST[toCol] , null, null,"; history; "timeofmove, gameid, curpiece, curcolor, fromrow, fromcol, torow, tocol, replaced, promotedto, isincheck"; "$_SESSION["gameID"], getPieceName($board[$_POST["fromRow"]][$_POST["fromCol"]]), $curColor, $_POST["fromRow"], $_POST["fromCol"], $_POST["toRow"], $_POST["toCol"]"; true
INSERT; "INSERT INTO history (timeOfMove, gameID, curPiece, curColor, fromRow, fromCol, toRow, toCol, replaced, promotedTo, isInCheck) VALUES (Now(), $_SESSION[gameID] , getPieceName($board[$_POST[fromRow]][$_POST[fromCol]]) , $curColor , $_POST[fromRow] , $_POST[fromCol] , $_POST[toRow] , $_POST[toCol]"; history; "timeofmove, gameid, curpiece, curcolor, fromrow, fromcol, torow, tocol, replaced, promotedto, isincheck"; "$_SESSION["gameID"], getPieceName($board[$_POST["fromRow"]][$_POST["fromCol"]]), $curColor, $_POST["fromRow"], $_POST["fromCol"], $_POST["toRow"], $_POST["toCol"]"; true
INSERT; "INSERT INTO history (timeOfMove, gameID, curPiece, curColor, fromRow, fromCol, toRow, toCol, replaced, promotedTo, isInCheck) VALUES (Now(), $_SESSION[gameID] , getPieceName($board[$_POST[fromRow]][$_POST[fromCol]]) , $curColor , $_POST[fromRow] , $_POST[fromCol] , $_POST[toRow] ,"; history; "timeofmove, gameid, curpiece, curcolor, fromrow, fromcol, torow, tocol, replaced, promotedto, isincheck"; "$_SESSION["gameID"], getPieceName($board[$_POST["fromRow"]][$_POST["fromCol"]]), $curColor, $_POST["fromRow"], $_POST["fromCol"], $_POST["toRow"]"; true
INSERT; "INSERT INTO history (timeOfMove, gameID, curPiece, curColor, fromRow, fromCol, toRow, toCol, replaced, promotedTo, isInCheck) VALUES (Now(), $_SESSION[gameID] , getPieceName($board[$_POST[fromRow]][$_POST[fromCol]]) , $curColor , $_POST[fromRow] , $_POST[fromCol] , $_POST[toRow]"; history; "timeofmove, gameid, curpiece, curcolor, fromrow, fromcol, torow, tocol, replaced, promotedto, isincheck"; "$_SESSION["gameID"], getPieceName($board[$_POST["fromRow"]][$_POST["fromCol"]]), $curColor, $_POST["fromRow"], $_POST["fromCol"], $_POST["toRow"]"; true
INSERT; "INSERT INTO history (timeOfMove, gameID, curPiece, curColor, fromRow, fromCol, toRow, toCol, replaced, promotedTo, isInCheck) VALUES (Now(), $_SESSION[gameID] , getPieceName($board[$_POST[fromRow]][$_POST[fromCol]]) , $curColor , $_POST[fromRow] , $_POST[fromCol] ,"; history; "timeofmove, gameid, curpiece, curcolor, fromrow, fromcol, torow, tocol, replaced, promotedto, isincheck"; "$_SESSION["gameID"], getPieceName($board[$_POST["fromRow"]][$_POST["fromCol"]]), $curColor, $_POST["fromRow"], $_POST["fromCol"]"; true
INSERT; "INSERT INTO history (timeOfMove, gameID, curPiece, curColor, fromRow, fromCol, toRow, toCol, replaced, promotedTo, isInCheck) VALUES (Now(), $_SESSION[gameID] , getPieceName($board[$_POST[fromRow]][$_POST[fromCol]]) , $curColor , $_POST[fromRow] , $_POST[fromCol]"; history; "timeofmove, gameid, curpiece, curcolor, fromrow, fromcol, torow, tocol, replaced, promotedto, isincheck"; "$_SESSION["gameID"], getPieceName($board[$_POST["fromRow"]][$_POST["fromCol"]]), $curColor, $_POST["fromRow"], $_POST["fromCol"]"; true
INSERT; "INSERT INTO history (timeOfMove, gameID, curPiece, curColor, fromRow, fromCol, toRow, toCol, replaced, promotedTo, isInCheck) VALUES (Now(), $_SESSION[gameID] , getPieceName($board[$_POST[fromRow]][$_POST[fromCol]]) , $curColor , $_POST[fromRow] ,"; history; "timeofmove, gameid, curpiece, curcolor, fromrow, fromcol, torow, tocol, replaced, promotedto, isincheck"; "$_SESSION["gameID"], getPieceName($board[$_POST["fromRow"]][$_POST["fromCol"]]), $curColor, $_POST["fromRow"]"; true
INSERT; "INSERT INTO history (timeOfMove, gameID, curPiece, curColor, fromRow, fromCol, toRow, toCol, replaced, promotedTo, isInCheck) VALUES (Now(), $_SESSION[gameID] , getPieceName($board[$_POST[fromRow]][$_POST[fromCol]]) , $curColor , $_POST[fromRow]"; history; "timeofmove, gameid, curpiece, curcolor, fromrow, fromcol, torow, tocol, replaced, promotedto, isincheck"; "$_SESSION["gameID"], getPieceName($board[$_POST["fromRow"]][$_POST["fromCol"]]), $curColor, $_POST["fromRow"]"; true
INSERT; "INSERT INTO history (timeOfMove, gameID, curPiece, curColor, fromRow, fromCol, toRow, toCol, replaced, promotedTo, isInCheck) VALUES (Now(), $_SESSION[gameID] , getPieceName($board[$_POST[fromRow]][$_POST[fromCol]]) , $curColor ,"; history; "timeofmove, gameid, curpiece, curcolor, fromrow, fromcol, torow, tocol, replaced, promotedto, isincheck"; "$_SESSION["gameID"], getPieceName($board[$_POST["fromRow"]][$_POST["fromCol"]]), $curColor"; true
INSERT; "INSERT INTO history (timeOfMove, gameID, curPiece, curColor, fromRow, fromCol, toRow, toCol, replaced, promotedTo, isInCheck) VALUES (Now(), $_SESSION[gameID] , getPieceName($board[$_POST[fromRow]][$_POST[fromCol]])"; history; "timeofmove, gameid, curpiece, curcolor, fromrow, fromcol, torow, tocol, replaced, promotedto, isincheck"; "$_SESSION["gameID"], getPieceName($board[$_POST["fromRow"]][$_POST["fromCol"]])"; true
INSERT; "INSERT INTO history (timeOfMove, gameID, curPiece, curColor, fromRow, fromCol, toRow, toCol, replaced, promotedTo, isInCheck) VALUES (Now(), $_SESSION[gameID] ,"; history; "timeofmove, gameid, curpiece, curcolor, fromrow, fromcol, torow, tocol, replaced, promotedto, isincheck"; "$_SESSION["gameID"]"; true
INSERT; "INSERT INTO history (timeOfMove, gameID, curPiece, curColor, fromRow, fromCol, toRow, toCol, replaced, promotedTo, isInCheck) VALUES (Now(), $_SESSION[gameID]"; history; "timeofmove, gameid, curpiece, curcolor, fromrow, fromcol, torow, tocol, replaced, promotedto, isincheck"; "$_SESSION["gameID"]"; true
INSERT; "INSERT INTO history (timeOfMove, gameID, curPiece, curColor, fromRow, fromCol, toRow, toCol, replaced, promotedTo, isInCheck) VALUES (Now(), $_SESSION[gameID] , getPieceName($board[$_POST[fromRow]][$_POST[fromCol]]) , $curColor , $_POST[fromRow] , $_POST[fromCol] , $_POST[toRow] , $_POST[toCol] , getPieceName($board[$_POST[toRow]][$_POST[toCol]]) , null, $history[$numMoves][isInCheck] )"; history; "timeofmove, gameid, curpiece, curcolor, fromrow, fromcol, torow, tocol, replaced, promotedto, isincheck"; "$_SESSION["gameID"], getPieceName($board[$_POST["fromRow"]][$_POST["fromCol"]]), $curColor, $_POST["fromRow"], $_POST["fromCol"], $_POST["toRow"], $_POST["toCol"], $history[$numMoves]["isInCheck"]"; true
INSERT; "INSERT INTO history (timeOfMove, gameID, curPiece, curColor, fromRow, fromCol, toRow, toCol, replaced, promotedTo, isInCheck) VALUES (Now(), $_SESSION[gameID] , getPieceName($board[$_POST[fromRow]][$_POST[fromCol]]) , $curColor , $_POST[fromRow] , $_POST[fromCol] , $_POST[toRow] , $_POST[toCol] , getPieceName($board[$_POST[toRow]][$_POST[toCol]]) , null, $history[$numMoves][isInCheck]"; history; "timeofmove, gameid, curpiece, curcolor, fromrow, fromcol, torow, tocol, replaced, promotedto, isincheck"; "$_SESSION["gameID"], getPieceName($board[$_POST["fromRow"]][$_POST["fromCol"]]), $curColor, $_POST["fromRow"], $_POST["fromCol"], $_POST["toRow"], $_POST["toCol"], $history[$numMoves]["isInCheck"]"; true
INSERT; "INSERT INTO history (timeOfMove, gameID, curPiece, curColor, fromRow, fromCol, toRow, toCol, replaced, promotedTo, isInCheck) VALUES (Now(), $_SESSION[gameID] , getPieceName($board[$_POST[fromRow]][$_POST[fromCol]]) , $curColor , $_POST[fromRow] , $_POST[fromCol] , $_POST[toRow] , $_POST[toCol] , getPieceName($board[$_POST[toRow]][$_POST[toCol]]) , null,"; history; "timeofmove, gameid, curpiece, curcolor, fromrow, fromcol, torow, tocol, replaced, promotedto, isincheck"; "$_SESSION["gameID"], getPieceName($board[$_POST["fromRow"]][$_POST["fromCol"]]), $curColor, $_POST["fromRow"], $_POST["fromCol"], $_POST["toRow"], $_POST["toCol"]"; true
INSERT; "INSERT INTO history (timeOfMove, gameID, curPiece, curColor, fromRow, fromCol, toRow, toCol, replaced, promotedTo, isInCheck) VALUES (Now(), $_SESSION[gameID] , getPieceName($board[$_POST[fromRow]][$_POST[fromCol]]) , $curColor , $_POST[fromRow] , $_POST[fromCol] , $_POST[toRow] , $_POST[toCol] , getPieceName($board[$_POST[toRow]][$_POST[toCol]])"; history; "timeofmove, gameid, curpiece, curcolor, fromrow, fromcol, torow, tocol, replaced, promotedto, isincheck"; "$_SESSION["gameID"], getPieceName($board[$_POST["fromRow"]][$_POST["fromCol"]]), $curColor, $_POST["fromRow"], $_POST["fromCol"], $_POST["toRow"], $_POST["toCol"]"; true
INSERT; "INSERT INTO history (timeOfMove, gameID, curPiece, curColor, fromRow, fromCol, toRow, toCol, replaced, promotedTo, isInCheck) VALUES (Now(), $_SESSION[gameID] , getPieceName($board[$_POST[fromRow]][$_POST[fromCol]]) , $curColor , $_POST[fromRow] , $_POST[fromCol] , $_POST[toRow] , $_POST[toCol] ,"; history; "timeofmove, gameid, curpiece, curcolor, fromrow, fromcol, torow, tocol, replaced, promotedto, isincheck"; "$_SESSION["gameID"], getPieceName($board[$_POST["fromRow"]][$_POST["fromCol"]]), $curColor, $_POST["fromRow"], $_POST["fromCol"], $_POST["toRow"], $_POST["toCol"]"; true
INSERT; "INSERT INTO history (timeOfMove, gameID, curPiece, curColor, fromRow, fromCol, toRow, toCol, replaced, promotedTo, isInCheck) VALUES (Now(), $_SESSION[gameID] , getPieceName($board[$_POST[fromRow]][$_POST[fromCol]]) , $curColor , $_POST[fromRow] , $_POST[fromCol] , $_POST[toRow] , $_POST[toCol]"; history; "timeofmove, gameid, curpiece, curcolor, fromrow, fromcol, torow, tocol, replaced, promotedto, isincheck"; "$_SESSION["gameID"], getPieceName($board[$_POST["fromRow"]][$_POST["fromCol"]]), $curColor, $_POST["fromRow"], $_POST["fromCol"], $_POST["toRow"], $_POST["toCol"]"; true
INSERT; "INSERT INTO history (timeOfMove, gameID, curPiece, curColor, fromRow, fromCol, toRow, toCol, replaced, promotedTo, isInCheck) VALUES (Now(), $_SESSION[gameID] , getPieceName($board[$_POST[fromRow]][$_POST[fromCol]]) , $curColor , $_POST[fromRow] , $_POST[fromCol] , $_POST[toRow] ,"; history; "timeofmove, gameid, curpiece, curcolor, fromrow, fromcol, torow, tocol, replaced, promotedto, isincheck"; "$_SESSION["gameID"], getPieceName($board[$_POST["fromRow"]][$_POST["fromCol"]]), $curColor, $_POST["fromRow"], $_POST["fromCol"], $_POST["toRow"]"; true
INSERT; "INSERT INTO history (timeOfMove, gameID, curPiece, curColor, fromRow, fromCol, toRow, toCol, replaced, promotedTo, isInCheck) VALUES (Now(), $_SESSION[gameID] , getPieceName($board[$_POST[fromRow]][$_POST[fromCol]]) , $curColor , $_POST[fromRow] , $_POST[fromCol] , $_POST[toRow]"; history; "timeofmove, gameid, curpiece, curcolor, fromrow, fromcol, torow, tocol, replaced, promotedto, isincheck"; "$_SESSION["gameID"], getPieceName($board[$_POST["fromRow"]][$_POST["fromCol"]]), $curColor, $_POST["fromRow"], $_POST["fromCol"], $_POST["toRow"]"; true
INSERT; "INSERT INTO history (timeOfMove, gameID, curPiece, curColor, fromRow, fromCol, toRow, toCol, replaced, promotedTo, isInCheck) VALUES (Now(), $_SESSION[gameID] , getPieceName($board[$_POST[fromRow]][$_POST[fromCol]]) , $curColor , $_POST[fromRow] , $_POST[fromCol] ,"; history; "timeofmove, gameid, curpiece, curcolor, fromrow, fromcol, torow, tocol, replaced, promotedto, isincheck"; "$_SESSION["gameID"], getPieceName($board[$_POST["fromRow"]][$_POST["fromCol"]]), $curColor, $_POST["fromRow"], $_POST["fromCol"]"; true
INSERT; "INSERT INTO history (timeOfMove, gameID, curPiece, curColor, fromRow, fromCol, toRow, toCol, replaced, promotedTo, isInCheck) VALUES (Now(), $_SESSION[gameID] , getPieceName($board[$_POST[fromRow]][$_POST[fromCol]]) , $curColor , $_POST[fromRow] , $_POST[fromCol]"; history; "timeofmove, gameid, curpiece, curcolor, fromrow, fromcol, torow, tocol, replaced, promotedto, isincheck"; "$_SESSION["gameID"], getPieceName($board[$_POST["fromRow"]][$_POST["fromCol"]]), $curColor, $_POST["fromRow"], $_POST["fromCol"]"; true
INSERT; "INSERT INTO history (timeOfMove, gameID, curPiece, curColor, fromRow, fromCol, toRow, toCol, replaced, promotedTo, isInCheck) VALUES (Now(), $_SESSION[gameID] , getPieceName($board[$_POST[fromRow]][$_POST[fromCol]]) , $curColor , $_POST[fromRow] ,"; history; "timeofmove, gameid, curpiece, curcolor, fromrow, fromcol, torow, tocol, replaced, promotedto, isincheck"; "$_SESSION["gameID"], getPieceName($board[$_POST["fromRow"]][$_POST["fromCol"]]), $curColor, $_POST["fromRow"]"; true
INSERT; "INSERT INTO history (timeOfMove, gameID, curPiece, curColor, fromRow, fromCol, toRow, toCol, replaced, promotedTo, isInCheck) VALUES (Now(), $_SESSION[gameID] , getPieceName($board[$_POST[fromRow]][$_POST[fromCol]]) , $curColor , $_POST[fromRow]"; history; "timeofmove, gameid, curpiece, curcolor, fromrow, fromcol, torow, tocol, replaced, promotedto, isincheck"; "$_SESSION["gameID"], getPieceName($board[$_POST["fromRow"]][$_POST["fromCol"]]), $curColor, $_POST["fromRow"]"; true
INSERT; "INSERT INTO history (timeOfMove, gameID, curPiece, curColor, fromRow, fromCol, toRow, toCol, replaced, promotedTo, isInCheck) VALUES (Now(), $_SESSION[gameID] , getPieceName($board[$_POST[fromRow]][$_POST[fromCol]]) , $curColor ,"; history; "timeofmove, gameid, curpiece, curcolor, fromrow, fromcol, torow, tocol, replaced, promotedto, isincheck"; "$_SESSION["gameID"], getPieceName($board[$_POST["fromRow"]][$_POST["fromCol"]]), $curColor"; true
INSERT; "INSERT INTO history (timeOfMove, gameID, curPiece, curColor, fromRow, fromCol, toRow, toCol, replaced, promotedTo, isInCheck) VALUES (Now(), $_SESSION[gameID] , getPieceName($board[$_POST[fromRow]][$_POST[fromCol]])"; history; "timeofmove, gameid, curpiece, curcolor, fromrow, fromcol, torow, tocol, replaced, promotedto, isincheck"; "$_SESSION["gameID"], getPieceName($board[$_POST["fromRow"]][$_POST["fromCol"]])"; true
INSERT; "INSERT INTO history (timeOfMove, gameID, curPiece, curColor, fromRow, fromCol, toRow, toCol, replaced, promotedTo, isInCheck) VALUES (Now(), $_SESSION[gameID] ,"; history; "timeofmove, gameid, curpiece, curcolor, fromrow, fromcol, torow, tocol, replaced, promotedto, isincheck"; "$_SESSION["gameID"]"; true
INSERT; "INSERT INTO history (timeOfMove, gameID, curPiece, curColor, fromRow, fromCol, toRow, toCol, replaced, promotedTo, isInCheck) VALUES (Now(), $_SESSION[gameID]"; history; "timeofmove, gameid, curpiece, curcolor, fromrow, fromcol, torow, tocol, replaced, promotedto, isincheck"; "$_SESSION["gameID"]"; true
SELECT; "SELECT whitePlayer FROM games WHERE gameID = $_SESSION[gameID]"; games; "whiteplayer"; ""; true
SELECT; "SELECT blackPlayer FROM games WHERE gameID = $_SESSION[gameID]"; games; "blackplayer"; ""; true
SELECT; "SELECT value FROM preferences WHERE playerID = $opponentID AND preference = emailNotification"; preferences; "value"; "$opponentID"; false
SELECT; "SELECT value FROM preferences WHERE playerID = $opponentID"; preferences; "value"; "$opponentID"; false
SELECT; "SELECT nick FROM players WHERE playerID = $_SESSION[playerID]"; players; "nick"; ""; false
SELECT; "SELECT value FROM preferences WHERE playerID = $opponentID AND preference = history"; preferences; "value"; "$opponentID"; false
SELECT; "SELECT value FROM preferences WHERE playerID = $opponentID"; preferences; "value"; "$opponentID"; false
SELECT; "SELECT * FROM pieces WHERE gameID = $_SESSION[gameID]"; pieces; "gameID, color, piece, col"; ""; true
SELECT; "SELECT whitePlayer, blackPlayer FROM games WHERE gameID = $_SESSION[gameID]"; games; "whiteplayer, blackplayer"; ""; true
INSERT; "INSERT INTO pieces (gameID, color, piece, row, col) VALUES ( $_SESSION[gameID] , $tmpColor , $tmpPiece , $i , $j )"; pieces; "gameid, color, piece, row, col"; "$_SESSION["gameID"], $tmpColor, $tmpPiece, $i, $j"; true
INSERT; "INSERT INTO pieces (gameID, color, piece, row, col) VALUES ( $_SESSION[gameID]"; pieces; "gameid, color, piece, row, col"; "$_SESSION["gameID"]"; true
INSERT; "INSERT INTO messages (gameID, msgType, msgStatus, destination) VALUES ( $_SESSION[gameID] , undo, request, $opponentColor )"; messages; "gameid, msgtype, msgstatus, destination"; "$_SESSION["gameID"], $opponentColor"; true
INSERT; "INSERT INTO messages (gameID, msgType, msgStatus, destination) VALUES ( $_SESSION[gameID] , undo, request, $opponentColor"; messages; "gameid, msgtype, msgstatus, destination"; "$_SESSION["gameID"], $opponentColor"; true
INSERT; "INSERT INTO messages (gameID, msgType, msgStatus, destination) VALUES ( $_SESSION[gameID] , undo, request,"; messages; "gameid, msgtype, msgstatus, destination"; "$_SESSION["gameID"]"; true
INSERT; "INSERT INTO messages (gameID, msgType, msgStatus, destination) VALUES ( $_SESSION[gameID]"; messages; "gameid, msgtype, msgstatus, destination"; "$_SESSION["gameID"]"; true
UPDATE; "UPDATE games SET gameMessage = draw, messageFrom = $currentPlayer WHERE gameID = $_SESSION[gameID]"; games; "gameMessage, messageFrom"; "$currentPlayer"; true
UPDATE; "UPDATE games SET gameMessage = draw, messageFrom = $currentPlayer WHERE gameID ="; games; "gameMessage, messageFrom"; "$currentPlayer"; true
UPDATE; "UPDATE games SET gameMessage = draw, messageFrom = $currentPlayer"; games; "gameMessage, messageFrom"; "$currentPlayer"; true
INSERT; "INSERT INTO messages (gameID, msgType, msgStatus, destination) VALUES ( $_SESSION[gameID] , draw, request, $opponentColor )"; messages; "gameid, msgtype, msgstatus, destination"; "$_SESSION["gameID"], $opponentColor"; true
INSERT; "INSERT INTO messages (gameID, msgType, msgStatus, destination) VALUES ( $_SESSION[gameID] , draw, request, $opponentColor"; messages; "gameid, msgtype, msgstatus, destination"; "$_SESSION["gameID"], $opponentColor"; true
INSERT; "INSERT INTO messages (gameID, msgType, msgStatus, destination) VALUES ( $_SESSION[gameID] , draw, request,"; messages; "gameid, msgtype, msgstatus, destination"; "$_SESSION["gameID"]"; true
INSERT; "INSERT INTO messages (gameID, msgType, msgStatus, destination) VALUES ( $_SESSION[gameID]"; messages; "gameid, msgtype, msgstatus, destination"; "$_SESSION["gameID"]"; true
UPDATE; "UPDATE messages SET msgStatus = $tmpStatus , destination = $opponentColor WHERE gameID = $_SESSION[gameID] AND msgType = undo AND msgStatus = request AND destination = $currentPlayer"; messages; "msgStatus, destination"; "$tmpStatus, $opponentColor"; true
UPDATE; "UPDATE messages SET msgStatus = $tmpStatus , destination = $opponentColor WHERE gameID = $_SESSION[gameID] AND msgType = undo AND msgStatus = request AND destination = $currentPlayer"; messages; "msgStatus, destination"; "$tmpStatus, $opponentColor"; true
UPDATE; "UPDATE messages SET msgStatus = $tmpStatus , destination = $opponentColor WHERE gameID = $_SESSION[gameID] AND msgType = undo AND msgStatus = request AND destination ="; messages; "msgStatus, destination"; "$tmpStatus, $opponentColor"; true
UPDATE; "UPDATE messages SET msgStatus = $tmpStatus , destination = $opponentColor WHERE gameID = $_SESSION[gameID]"; messages; "msgStatus, destination"; "$tmpStatus, $opponentColor"; true
UPDATE; "UPDATE messages SET msgStatus = $tmpStatus , destination = $opponentColor WHERE gameID ="; messages; "msgStatus, destination"; "$tmpStatus, $opponentColor"; true
UPDATE; "UPDATE messages SET msgStatus = $tmpStatus , destination = $opponentColor"; messages; "msgStatus, destination"; "$tmpStatus, $opponentColor"; true
UPDATE; "UPDATE messages SET msgStatus = $tmpStatus , destination ="; messages; "msgStatus, destination"; "$tmpStatus"; true
UPDATE; "UPDATE messages SET msgStatus = $tmpStatus"; messages; "msgStatus"; "$tmpStatus"; true
UPDATE; "UPDATE games SET gameMessage = draw, messageFrom = $currentPlayer WHERE gameID = $_SESSION[gameID]"; games; "gameMessage, messageFrom"; "$currentPlayer"; true
UPDATE; "UPDATE games SET gameMessage = draw, messageFrom = $currentPlayer WHERE gameID ="; games; "gameMessage, messageFrom"; "$currentPlayer"; true
UPDATE; "UPDATE games SET gameMessage = draw, messageFrom = $currentPlayer"; games; "gameMessage, messageFrom"; "$currentPlayer"; true
UPDATE; "UPDATE messages SET msgStatus = $tmpStatus , destination = $opponentColor WHERE gameID = $_SESSION[gameID] AND msgType = draw AND msgStatus = request AND destination = $currentPlayer"; messages; "msgStatus, destination"; "$tmpStatus, $opponentColor"; true
UPDATE; "UPDATE messages SET msgStatus = $tmpStatus , destination = $opponentColor WHERE gameID = $_SESSION[gameID] AND msgType = draw AND msgStatus = request AND destination = $currentPlayer"; messages; "msgStatus, destination"; "$tmpStatus, $opponentColor"; true
UPDATE; "UPDATE messages SET msgStatus = $tmpStatus , destination = $opponentColor WHERE gameID = $_SESSION[gameID] AND msgType = draw AND msgStatus = request AND destination ="; messages; "msgStatus, destination"; "$tmpStatus, $opponentColor"; true
UPDATE; "UPDATE messages SET msgStatus = $tmpStatus , destination = $opponentColor WHERE gameID = $_SESSION[gameID]"; messages; "msgStatus, destination"; "$tmpStatus, $opponentColor"; true
UPDATE; "UPDATE messages SET msgStatus = $tmpStatus , destination = $opponentColor WHERE gameID ="; messages; "msgStatus, destination"; "$tmpStatus, $opponentColor"; true
UPDATE; "UPDATE messages SET msgStatus = $tmpStatus , destination = $opponentColor"; messages; "msgStatus, destination"; "$tmpStatus, $opponentColor"; true
UPDATE; "UPDATE messages SET msgStatus = $tmpStatus , destination ="; messages; "msgStatus, destination"; "$tmpStatus"; true
UPDATE; "UPDATE messages SET msgStatus = $tmpStatus"; messages; "msgStatus"; "$tmpStatus"; true
UPDATE; "UPDATE games SET gameMessage = playerResigned, messageFrom = $currentPlayer WHERE gameID = $_SESSION[gameID]"; games; "gameMessage, messageFrom"; "$currentPlayer"; true
UPDATE; "UPDATE games SET gameMessage = playerResigned, messageFrom = $currentPlayer WHERE gameID ="; games; "gameMessage, messageFrom"; "$currentPlayer"; true
UPDATE; "UPDATE games SET gameMessage = playerResigned, messageFrom = $currentPlayer"; games; "gameMessage, messageFrom"; "$currentPlayer"; true
SELECT; "SELECT blackPlayer FROM games WHERE gameID = $_SESSION[gameID]"; games; "blackplayer"; ""; true
SELECT; "SELECT whitePlayer FROM games WHERE gameID = $_SESSION[gameID]"; games; "whiteplayer"; ""; true
SELECT; "SELECT value FROM preferences WHERE playerID = $opponentID AND preference = emailNotification"; preferences; "value"; "$opponentID"; false
SELECT; "SELECT value FROM preferences WHERE playerID = $opponentID"; preferences; "value"; "$opponentID"; false
SELECT; "SELECT * FROM messages WHERE gameID = $_SESSION[gameID] AND destination = $currentPlayer"; messages; "msgID, gameID, msgType, msgStatus, destination"; "$currentPlayer"; true
SELECT; "SELECT * FROM messages WHERE gameID = $_SESSION[gameID] AND destination = $currentPlayer"; messages; "msgID, gameID, msgType, msgStatus, destination"; "$currentPlayer"; true
SELECT; "SELECT * FROM messages WHERE gameID = $_SESSION[gameID] AND destination ="; messages; "msgID, gameID, msgType, msgStatus, destination"; ""; true
SELECT; "SELECT * FROM messages WHERE gameID = $_SESSION[gameID]"; messages; "msgID, gameID, msgType, msgStatus, destination"; ""; true
SELECT; "SELECT * FROM messages WHERE gameID = $_SESSION[gameID] AND msgStatus = request AND destination = $opponentColor"; messages; "msgID, gameID, msgType, msgStatus, destination"; "$opponentColor"; true
SELECT; "SELECT * FROM messages WHERE gameID = $_SESSION[gameID] AND msgStatus = request AND destination = $opponentColor"; messages; "msgID, gameID, msgType, msgStatus, destination"; "$opponentColor"; true
SELECT; "SELECT * FROM messages WHERE gameID = $_SESSION[gameID] AND msgStatus = request AND destination ="; messages; "msgID, gameID, msgType, msgStatus, destination"; ""; true
SELECT; "SELECT * FROM messages WHERE gameID = $_SESSION[gameID]"; messages; "msgID, gameID, msgType, msgStatus, destination"; ""; true
UPDATE; "UPDATE games SET gameMessage = checkMate, messageFrom = $currentPlayer WHERE gameID = $_SESSION[gameID]"; games; "gameMessage, messageFrom"; "$currentPlayer"; true
UPDATE; "UPDATE games SET gameMessage = checkMate, messageFrom = $currentPlayer WHERE gameID ="; games; "gameMessage, messageFrom"; "$currentPlayer"; true
UPDATE; "UPDATE games SET gameMessage = checkMate, messageFrom = $currentPlayer"; games; "gameMessage, messageFrom"; "$currentPlayer"; true
SELECT; "SELECT gameMessage, messageFrom FROM games WHERE gameID = $_SESSION[gameID]"; games; "gamemessage, messagefrom"; ""; true
SELECT; "SELECT whitePlayer, blackPlayer, dateCreated, gameMessage FROM games WHERE gameID = $GameID"; games; "whiteplayer, blackplayer, datecreated, gamemessage"; ""; true
SELECT; "SELECT nick, firstName, lastName FROM players WHERE playerID = $tmpGame[blackPlayer]"; players; "nick, firstname, lastname"; "$tmpGame["blackPlayer"]"; false
SELECT; "SELECT nick, firstName, lastName FROM players WHERE playerID = $tmpGame[whitePlayer]"; players; "nick, firstname, lastname"; "$tmpGame["whitePlayer"]"; false
SELECT; "SELECT playerID, nick FROM players WHERE playerID <> $_SESSION[playerID]"; players; "playerid, nick"; ""; false
SELECT; "SELECT gameID FROM games WHERE lastMove < $targetDate"; games; "gameid"; "$targetDate"; true
SELECT; "SELECT gameID FROM games WHERE lastMove < $targetDate"; games; "gameid"; "$targetDate"; true
SELECT; "SELECT playerID FROM players WHERE nick = $_POST[txtNick]"; players; "playerid"; ""; true
SELECT; "SELECT playerID FROM players WHERE nick = $_POST[txtNick]"; players; "playerid"; ""; true
INSERT; "INSERT INTO players (password, firstName, lastName, nick) VALUES ( $_POST[pwdPassword] , $_POST[txtFirstName] , $_POST[txtLastName] , $_POST[txtNick] )"; players; "password, firstname, lastname, nick"; "$_POST["pwdPassword"], $_POST["txtFirstName"], $_POST["txtLastName"], $_POST["txtNick"]"; false
INSERT; "INSERT INTO players (password, firstName, lastName, nick) VALUES ( $_POST[pwdPassword] , $_POST[txtFirstName] , $_POST[txtLastName] , $_POST[txtNick]"; players; "password, firstname, lastname, nick"; "$_POST["pwdPassword"], $_POST["txtFirstName"], $_POST["txtLastName"], $_POST["txtNick"]"; false
INSERT; "INSERT INTO players (password, firstName, lastName, nick) VALUES ( $_POST[pwdPassword] , $_POST[txtFirstName] , $_POST[txtLastName] ,"; players; "password, firstname, lastname, nick"; "$_POST["pwdPassword"], $_POST["txtFirstName"], $_POST["txtLastName"]"; false
INSERT; "INSERT INTO players (password, firstName, lastName, nick) VALUES ( $_POST[pwdPassword] , $_POST[txtFirstName] , $_POST[txtLastName]"; players; "password, firstname, lastname, nick"; "$_POST["pwdPassword"], $_POST["txtFirstName"], $_POST["txtLastName"]"; false
INSERT; "INSERT INTO players (password, firstName, lastName, nick) VALUES ( $_POST[pwdPassword] , $_POST[txtFirstName] ,"; players; "password, firstname, lastname, nick"; "$_POST["pwdPassword"], $_POST["txtFirstName"]"; false
INSERT; "INSERT INTO players (password, firstName, lastName, nick) VALUES ( $_POST[pwdPassword] , $_POST[txtFirstName]"; players; "password, firstname, lastname, nick"; "$_POST["pwdPassword"], $_POST["txtFirstName"]"; false
INSERT; "INSERT INTO players (password, firstName, lastName, nick) VALUES ( $_POST[pwdPassword] ,"; players; "password, firstname, lastname, nick"; "$_POST["pwdPassword"]"; false
INSERT; "INSERT INTO players (password, firstName, lastName, nick) VALUES ( $_POST[pwdPassword]"; players; "password, firstname, lastname, nick"; "$_POST["pwdPassword"]"; false
INSERT; "INSERT INTO preferences (playerID, preference, value) VALUES ( $_SESSION[playerID] , history, $_POST[rdoHistory] )"; preferences; "playerid, preference, value"; "$_SESSION["playerID"], $_POST["rdoHistory"]"; false
INSERT; "INSERT INTO preferences (playerID, preference, value) VALUES ( $_SESSION[playerID] , history, $_POST[rdoHistory]"; preferences; "playerid, preference, value"; "$_SESSION["playerID"], $_POST["rdoHistory"]"; false
INSERT; "INSERT INTO preferences (playerID, preference, value) VALUES ( $_SESSION[playerID] , history,"; preferences; "playerid, preference, value"; "$_SESSION["playerID"]"; false
INSERT; "INSERT INTO preferences (playerID, preference, value) VALUES ( $_SESSION[playerID]"; preferences; "playerid, preference, value"; "$_SESSION["playerID"]"; false
INSERT; "INSERT INTO preferences (playerID, preference, value) VALUES ( $_SESSION[playerID] , theme, $_POST[rdoTheme] )"; preferences; "playerid, preference, value"; "$_SESSION["playerID"], $_POST["rdoTheme"]"; false
INSERT; "INSERT INTO preferences (playerID, preference, value) VALUES ( $_SESSION[playerID] , theme, $_POST[rdoTheme]"; preferences; "playerid, preference, value"; "$_SESSION["playerID"], $_POST["rdoTheme"]"; false
INSERT; "INSERT INTO preferences (playerID, preference, value) VALUES ( $_SESSION[playerID] , theme,"; preferences; "playerid, preference, value"; "$_SESSION["playerID"]"; false
INSERT; "INSERT INTO preferences (playerID, preference, value) VALUES ( $_SESSION[playerID]"; preferences; "playerid, preference, value"; "$_SESSION["playerID"]"; false
INSERT; "INSERT INTO preferences (playerID, preference, value) VALUES ( $_SESSION[playerID] , autoreload, $_POST[txtReload] )"; preferences; "playerid, preference, value"; "$_SESSION["playerID"], $_POST["txtReload"]"; false
INSERT; "INSERT INTO preferences (playerID, preference, value) VALUES ( $_SESSION[playerID] , autoreload, $_POST[txtReload]"; preferences; "playerid, preference, value"; "$_SESSION["playerID"], $_POST["txtReload"]"; false
INSERT; "INSERT INTO preferences (playerID, preference, value) VALUES ( $_SESSION[playerID] , autoreload,"; preferences; "playerid, preference, value"; "$_SESSION["playerID"]"; false
INSERT; "INSERT INTO preferences (playerID, preference, value) VALUES ( $_SESSION[playerID]"; preferences; "playerid, preference, value"; "$_SESSION["playerID"]"; false
INSERT; "INSERT INTO preferences (playerID, preference, value) VALUES ( $_SESSION[playerID] , autoreload, $CFG_MINAUTORELOAD )"; preferences; "playerid, preference, value"; "$_SESSION["playerID"], $CFG_MINAUTORELOAD"; false
INSERT; "INSERT INTO preferences (playerID, preference, value) VALUES ( $_SESSION[playerID] , autoreload, $CFG_MINAUTORELOAD"; preferences; "playerid, preference, value"; "$_SESSION["playerID"], $CFG_MINAUTORELOAD"; false
INSERT; "INSERT INTO preferences (playerID, preference, value) VALUES ( $_SESSION[playerID] , autoreload,"; preferences; "playerid, preference, value"; "$_SESSION["playerID"]"; false
INSERT; "INSERT INTO preferences (playerID, preference, value) VALUES ( $_SESSION[playerID]"; preferences; "playerid, preference, value"; "$_SESSION["playerID"]"; false
INSERT; "INSERT INTO preferences (playerID, preference, value) VALUES ( $_SESSION[playerID] , emailnotification, $_POST[txtEmailNotification] )"; preferences; "playerid, preference, value"; "$_SESSION["playerID"], $_POST["txtEmailNotification"]"; false
INSERT; "INSERT INTO preferences (playerID, preference, value) VALUES ( $_SESSION[playerID] , emailnotification, $_POST[txtEmailNotification]"; preferences; "playerid, preference, value"; "$_SESSION["playerID"], $_POST["txtEmailNotification"]"; false
INSERT; "INSERT INTO preferences (playerID, preference, value) VALUES ( $_SESSION[playerID] , emailnotification,"; preferences; "playerid, preference, value"; "$_SESSION["playerID"]"; false
INSERT; "INSERT INTO preferences (playerID, preference, value) VALUES ( $_SESSION[playerID]"; preferences; "playerid, preference, value"; "$_SESSION["playerID"]"; false
SELECT; "SELECT * FROM players WHERE nick = $_POST[txtNick] AND password = $_POST[pwdPassword]"; players; "playerID, password, firstName, lastName, nick"; ""; false
SELECT; "SELECT * FROM players WHERE nick = $_POST[txtNick] AND password = $_POST[pwdPassword]"; players; "playerID, password, firstName, lastName, nick"; ""; false
SELECT; "SELECT * FROM players WHERE nick = $_POST[txtNick] AND password ="; players; "playerID, password, firstName, lastName, nick"; ""; false
SELECT; "SELECT * FROM players WHERE nick = $_POST[txtNick]"; players; "playerID, password, firstName, lastName, nick"; ""; false
SELECT; "SELECT * FROM preferences WHERE playerID = $_SESSION[playerID]"; preferences; "playerID, preference, value"; ""; false
INSERT; "INSERT INTO preferences (playerID, preference, value) VALUES ( $_SESSION[playerID] , $missingPref , $defaultValue )"; preferences; "playerid, preference, value"; "$_SESSION["playerID"], $missingPref, $defaultValue"; false
INSERT; "INSERT INTO preferences (playerID, preference, value) VALUES ( $_SESSION[playerID] , $missingPref , $defaultValue"; preferences; "playerid, preference, value"; "$_SESSION["playerID"], $missingPref, $defaultValue"; false
INSERT; "INSERT INTO preferences (playerID, preference, value) VALUES ( $_SESSION[playerID] , $missingPref ,"; preferences; "playerid, preference, value"; "$_SESSION["playerID"], $missingPref"; false
INSERT; "INSERT INTO preferences (playerID, preference, value) VALUES ( $_SESSION[playerID] , $missingPref"; preferences; "playerid, preference, value"; "$_SESSION["playerID"], $missingPref"; false
INSERT; "INSERT INTO preferences (playerID, preference, value) VALUES ( $_SESSION[playerID] ,"; preferences; "playerid, preference, value"; "$_SESSION["playerID"]"; false
INSERT; "INSERT INTO preferences (playerID, preference, value) VALUES ( $_SESSION[playerID]"; preferences; "playerid, preference, value"; "$_SESSION["playerID"]"; false
SELECT; "SELECT value FROM preferences WHERE playerID = $_POST[opponent] AND preference = emailNotification"; preferences; "value"; ""; false
SELECT; "SELECT value FROM preferences WHERE playerID = $_POST[opponent]"; preferences; "value"; ""; false
UPDATE; "UPDATE games SET gameMessage = , messageFrom = WHERE gameID = $_POST[gameID]"; games; "gameMessage, messageFrom"; ""; true
UPDATE; "UPDATE games SET gameMessage = inviteDeclined, messageFrom = $_POST[messageFrom] WHERE gameID = $_POST[gameID]"; games; "gameMessage, messageFrom"; ""messageFrom", $_POST["messageFrom"]"; true
UPDATE; "UPDATE games SET gameMessage = inviteDeclined, messageFrom = $_POST[messageFrom] WHERE gameID ="; games; "gameMessage, messageFrom"; ""messageFrom", $_POST["messageFrom"]"; true
UPDATE; "UPDATE games SET gameMessage = inviteDeclined, messageFrom = $_POST[messageFrom]"; games; "gameMessage, messageFrom"; ""messageFrom", $_POST["messageFrom"]"; true
SELECT; "SELECT whitePlayer FROM games WHERE gameID = $_POST[gameID]"; games; "whiteplayer"; ""; true
SELECT; "SELECT blackPlayer FROM games WHERE gameID = $_POST[gameID]"; games; "blackplayer"; ""; true
SELECT; "SELECT value FROM preferences WHERE playerID = $opponentID AND preference = emailNotification"; preferences; "value"; "$opponentID"; false
SELECT; "SELECT value FROM preferences WHERE playerID = $opponentID"; preferences; "value"; "$opponentID"; false
SELECT; "SELECT password FROM players WHERE playerID = $_SESSION[playerID]"; players; "password"; ""; false
SELECT; "SELECT playerID FROM players WHERE nick = $_POST[txtNick] AND playerID <> $_SESSION[playerID]"; players; "playerid"; ""; true
SELECT; "SELECT playerID FROM players WHERE nick = $_POST[txtNick] AND playerID <>"; players; "playerid"; ""; true
SELECT; "SELECT playerID FROM players WHERE nick = $_POST[txtNick]"; players; "playerid"; ""; true
UPDATE; "UPDATE players SET firstName = $_POST[txtFirstName] , lastName = $_POST[txtLastName] , password = $_POST[pwdPassword]"; players; "firstName, lastName, password"; "$_POST["txtFirstName"], $_POST["txtLastName"], $_POST["pwdPassword"]"; false
UPDATE; "UPDATE players SET firstName = $_POST[txtFirstName] , lastName = $_POST[txtLastName] , password = $_POST[pwdPassword]"; players; "firstName, lastName, password"; "$_POST["txtFirstName"], $_POST["txtLastName"], $_POST["pwdPassword"]"; false
UPDATE; "UPDATE players SET firstName = $_POST[txtFirstName] , lastName = $_POST[txtLastName] , password ="; players; "firstName, lastName, password"; "$_POST["txtFirstName"], $_POST["txtLastName"]"; false
UPDATE; "UPDATE players SET firstName = $_POST[txtFirstName] , lastName = $_POST[txtLastName]"; players; "firstName, lastName"; "$_POST["txtFirstName"], $_POST["txtLastName"]"; false
UPDATE; "UPDATE players SET firstName = $_POST[txtFirstName] , lastName ="; players; "firstName, lastName"; "$_POST["txtFirstName"]"; false
UPDATE; "UPDATE players SET firstName = $_POST[txtFirstName]"; players; "firstName"; "$_POST["txtFirstName"]"; false
UPDATE; "UPDATE preferences SET value = $_POST[rdoTheme] WHERE playerID = $_SESSION[playerID] AND preference = theme"; preferences; "value"; "$_POST["rdoTheme"]"; false
UPDATE; "UPDATE preferences SET value = $_POST[rdoTheme] WHERE playerID = $_SESSION[playerID]"; preferences; "value"; "$_POST["rdoTheme"]"; false
UPDATE; "UPDATE preferences SET value = $_POST[rdoTheme] WHERE playerID ="; preferences; "value"; "$_POST["rdoTheme"]"; false
UPDATE; "UPDATE preferences SET value = $_POST[rdoTheme]"; preferences; "value"; "$_POST["rdoTheme"]"; false
UPDATE; "UPDATE preferences SET value = $_POST[rdoHistory] WHERE playerID = $_SESSION[playerID] AND preference = history"; preferences; "value"; "$_POST["rdoHistory"]"; false
UPDATE; "UPDATE preferences SET value = $_POST[rdoHistory] WHERE playerID = $_SESSION[playerID]"; preferences; "value"; "$_POST["rdoHistory"]"; false
UPDATE; "UPDATE preferences SET value = $_POST[rdoHistory] WHERE playerID ="; preferences; "value"; "$_POST["rdoHistory"]"; false
UPDATE; "UPDATE preferences SET value = $_POST[rdoHistory]"; preferences; "value"; "$_POST["rdoHistory"]"; false
UPDATE; "UPDATE preferences SET value = $_POST[txtReload] WHERE playerID = $_SESSION[playerID] AND preference = autoreload"; preferences; "value"; "$_POST["txtReload"]"; false
UPDATE; "UPDATE preferences SET value = $_POST[txtReload] WHERE playerID = $_SESSION[playerID]"; preferences; "value"; "$_POST["txtReload"]"; false
UPDATE; "UPDATE preferences SET value = $_POST[txtReload] WHERE playerID ="; preferences; "value"; "$_POST["txtReload"]"; false
UPDATE; "UPDATE preferences SET value = $_POST[txtReload]"; preferences; "value"; "$_POST["txtReload"]"; false
UPDATE; "UPDATE preferences SET value = $CFG_MINAUTORELOAD WHERE playerID = $_SESSION[playerID] AND preference = autoreload"; preferences; "value"; "$CFG_MINAUTORELOAD"; false
UPDATE; "UPDATE preferences SET value = $CFG_MINAUTORELOAD WHERE playerID = $_SESSION[playerID]"; preferences; "value"; "$CFG_MINAUTORELOAD"; false
UPDATE; "UPDATE preferences SET value = $CFG_MINAUTORELOAD WHERE playerID ="; preferences; "value"; "$CFG_MINAUTORELOAD"; false
UPDATE; "UPDATE preferences SET value = $CFG_MINAUTORELOAD"; preferences; "value"; "$CFG_MINAUTORELOAD"; false
UPDATE; "UPDATE preferences SET value = $_POST[txtEmailNotification] WHERE playerID = $_SESSION[playerID] AND preference = emailnotification"; preferences; "value"; "$_POST["txtEmailNotification"]"; false
UPDATE; "UPDATE preferences SET value = $_POST[txtEmailNotification] WHERE playerID = $_SESSION[playerID]"; preferences; "value"; "$_POST["txtEmailNotification"]"; false
UPDATE; "UPDATE preferences SET value = $_POST[txtEmailNotification] WHERE playerID ="; preferences; "value"; "$_POST["txtEmailNotification"]"; false
UPDATE; "UPDATE preferences SET value = $_POST[txtEmailNotification]"; preferences; "value"; "$_POST["txtEmailNotification"]"; false
SELECT; "SELECT * FROM games WHERE (gameMessage = playerInvited AND ((whitePlayer = $_SESSION[playerID] AND messageFrom = white) OR (blackPlayer = $_SESSION[playerID] AND messageFrom = black))"; games; "gameID, whitePlayer, blackPlayer, gameMessage, messageFrom, dateCreated, lastMove"; ""; true
SELECT; "SELECT * FROM games WHERE (gameMessage = playerInvited AND ((whitePlayer = $_SESSION[playerID] AND messageFrom = white) OR (blackPlayer = $_SESSION[playerID]"; games; "gameID, whitePlayer, blackPlayer, gameMessage, messageFrom, dateCreated, lastMove"; ""; true
SELECT; "SELECT * FROM games WHERE (gameMessage = playerInvited AND ((whitePlayer = $_SESSION[playerID] AND messageFrom = white) OR (blackPlayer ="; games; "gameID, whitePlayer, blackPlayer, gameMessage, messageFrom, dateCreated, lastMove"; ""; true
SELECT; "SELECT * FROM games WHERE (gameMessage = playerInvited AND ((whitePlayer = $_SESSION[playerID]"; games; "gameID, whitePlayer, blackPlayer, gameMessage, messageFrom, dateCreated, lastMove"; ""; true
SELECT; "SELECT nick FROM players WHERE playerID = $tmpGame[blackPlayer]"; players; "nick"; "$tmpGame["blackPlayer"]"; false
SELECT; "SELECT nick FROM players WHERE playerID = $tmpGame[whitePlayer]"; players; "nick"; "$tmpGame["whitePlayer"]"; false
SELECT; "SELECT * FROM games WHERE gameMessage = playerInvited AND ((whitePlayer = $_SESSION[playerID] AND messageFrom = black) OR (blackPlayer = $_SESSION[playerID] AND messageFrom = white)) ORDER BY dateCreated"; games; "gameID, whitePlayer, blackPlayer, gameMessage, messageFrom, dateCreated, lastMove"; ""; true
SELECT; "SELECT * FROM games WHERE gameMessage = playerInvited AND ((whitePlayer = $_SESSION[playerID] AND messageFrom = black) OR (blackPlayer = $_SESSION[playerID]"; games; "gameID, whitePlayer, blackPlayer, gameMessage, messageFrom, dateCreated, lastMove"; ""; true
SELECT; "SELECT * FROM games WHERE gameMessage = playerInvited AND ((whitePlayer = $_SESSION[playerID] AND messageFrom = black) OR (blackPlayer ="; games; "gameID, whitePlayer, blackPlayer, gameMessage, messageFrom, dateCreated, lastMove"; ""; true
SELECT; "SELECT * FROM games WHERE gameMessage = playerInvited AND ((whitePlayer = $_SESSION[playerID]"; games; "gameID, whitePlayer, blackPlayer, gameMessage, messageFrom, dateCreated, lastMove"; ""; true
SELECT; "SELECT nick FROM players WHERE playerID = $tmpGame[blackPlayer]"; players; "nick"; "$tmpGame["blackPlayer"]"; false
SELECT; "SELECT nick FROM players WHERE playerID = $tmpGame[whitePlayer]"; players; "nick"; "$tmpGame["whitePlayer"]"; false
SELECT; "SELECT * FROM games WHERE gameMessage = AND (whitePlayer = $_SESSION[playerID] OR blackPlayer = $_SESSION[playerID] ) ORDER BY dateCreated"; games; "gameID, whitePlayer, blackPlayer, gameMessage, messageFrom, dateCreated, lastMove"; ""; true
SELECT; "SELECT * FROM games WHERE gameMessage = AND (whitePlayer = $_SESSION[playerID] OR blackPlayer = $_SESSION[playerID]"; games; "gameID, whitePlayer, blackPlayer, gameMessage, messageFrom, dateCreated, lastMove"; ""; true
SELECT; "SELECT * FROM games WHERE gameMessage = AND (whitePlayer = $_SESSION[playerID] OR blackPlayer ="; games; "gameID, whitePlayer, blackPlayer, gameMessage, messageFrom, dateCreated, lastMove"; ""; true
SELECT; "SELECT * FROM games WHERE gameMessage = AND (whitePlayer = $_SESSION[playerID]"; games; "gameID, whitePlayer, blackPlayer, gameMessage, messageFrom, dateCreated, lastMove"; ""; true
SELECT; "SELECT nick FROM players WHERE playerID = $tmpGame[blackPlayer]"; players; "nick"; "$tmpGame["blackPlayer"]"; false
SELECT; "SELECT nick FROM players WHERE playerID = $tmpGame[whitePlayer]"; players; "nick"; "$tmpGame["whitePlayer"]"; false
SELECT; "SELECT COUNT(gameID) FROM history WHERE gameID = $tmpGame[gameID]"; history; "gameid"; ""; true
SELECT; "SELECT * FROM games WHERE (gameMessage <> AND gameMessage <> playerInvited AND gameMessage <> inviteDeclined) AND (whitePlayer = $_SESSION[playerID] OR blackPlayer = $_SESSION[playerID] ) ORDER BY lastMove DESC"; games; "gameID, whitePlayer, blackPlayer, gameMessage, messageFrom, dateCreated, lastMove"; ""; true
SELECT; "SELECT * FROM games WHERE (gameMessage <> AND gameMessage <> playerInvited AND gameMessage <> inviteDeclined) AND (whitePlayer = $_SESSION[playerID] OR blackPlayer = $_SESSION[playerID]"; games; "gameID, whitePlayer, blackPlayer, gameMessage, messageFrom, dateCreated, lastMove"; ""; true
SELECT; "SELECT * FROM games WHERE (gameMessage <> AND gameMessage <> playerInvited AND gameMessage <> inviteDeclined) AND (whitePlayer = $_SESSION[playerID] OR blackPlayer ="; games; "gameID, whitePlayer, blackPlayer, gameMessage, messageFrom, dateCreated, lastMove"; ""; true
SELECT; "SELECT * FROM games WHERE (gameMessage <> AND gameMessage <> playerInvited AND gameMessage <> inviteDeclined) AND (whitePlayer = $_SESSION[playerID]"; games; "gameID, whitePlayer, blackPlayer, gameMessage, messageFrom, dateCreated, lastMove"; ""; true
SELECT; "SELECT nick FROM players WHERE playerID = $tmpGame[blackPlayer]"; players; "nick"; "$tmpGame["blackPlayer"]"; false
SELECT; "SELECT nick FROM players WHERE playerID = $tmpGame[whitePlayer]"; players; "nick"; "$tmpGame["whitePlayer"]"; false
SELECT; "SELECT password FROM players WHERE playerID = $opponentsID"; players; "password"; "$opponentsID"; false
SELECT; "SELECT whitePlayer, blackPlayer FROM games WHERE gameID = $_POST[gameID]"; games; "whiteplayer, blackplayer"; ""; true
SELECT; "SELECT nick FROM players WHERE playerID = $opponentsID"; players; "nick"; "$opponentsID"; false
SELECT; "SELECT Max(timeOfMove) FROM history WHERE gameID = $_SESSION[gameID]"; history; "timeofmove"; ""; true
SELECT; "SELECT * FROM history WHERE gameID = $_SESSION[gameID] AND timeOfMove = $maxTime"; history; "timeOfMove, gameID, curPiece, curColor, fromRow, fromCol, toRow, toCol, replaced, promotedTo, isInCheck"; "$maxTime"; false
SELECT; "SELECT * FROM history WHERE gameID = $_SESSION[gameID]"; history; "timeOfMove, gameID, curPiece, curColor, fromRow, fromCol, toRow, toCol, replaced, promotedTo, isInCheck"; ""; false
