30064771072,CALL,-1,,$p1 = filter_input($p1),,STATIC_DISPATCH,,3,<operator>.assignment,<operator>.assignment,1,,,ANY
30064771073,CALL,2,,filter_input($p1),,STATIC_DISPATCH,filter_input,3,filter_input,filter_input,2,,<unresolvedSignature>(1),ANY
30064771074,CALL,-1,,"$p1 = $p1 . $_GET[""input""]",,STATIC_DISPATCH,,7,<operator>.assignment,<operator>.assignment,2,,,ANY
30064771075,CALL,2,,"$p1 . $_GET[""input""]",,STATIC_DISPATCH,,7,<operator>.concat,<operator>.concat,2,,,ANY
30064771076,CALL,2,,"$_GET[""input""]",,STATIC_DISPATCH,,7,<operator>.indexAccess,<operator>.indexAccess,2,,,ANY
30064771077,CALL,-1,,"$x = $_GET[""input""]",,STATIC_DISPATCH,,10,<operator>.assignment,<operator>.assignment,6,,,ANY
30064771078,CALL,2,,"$_GET[""input""]",,STATIC_DISPATCH,,10,<operator>.indexAccess,<operator>.indexAccess,2,,,ANY
30064771079,CALL,-1,,"$y = ""Input: """,,STATIC_DISPATCH,,11,<operator>.assignment,<operator>.assignment,7,,,ANY
30064771080,CALL,-1,,customSanRef($x),,STATIC_DISPATCH,customSanRef,12,customSanRef,customSanRef,8,,<unresolvedSignature>(1),ANY
30064771081,CALL,-1,,customUnsanRef($y),,STATIC_DISPATCH,customUnsanRef,13,customUnsanRef,customUnsanRef,9,,<unresolvedSignature>(1),ANY
30064771082,CALL,-1,,echo $x . $y,,STATIC_DISPATCH,echo,14,echo,echo,10,,,ANY
30064771083,CALL,1,,$x . $y,,STATIC_DISPATCH,,14,<operator>.concat,<operator>.concat,1,,,ANY
30064771084,CALL,-1,,"$this->name = ""DefaultName""",,STATIC_DISPATCH,,4,<operator>.assignment,<operator>.assignment,1,,,ANY
30064771085,CALL,1,,$this->name,,STATIC_DISPATCH,,4,<operator>.fieldAccess,<operator>.fieldAccess,1,,,ANY
30064771086,CALL,-1,,$this->name = $name,,STATIC_DISPATCH,,9,<operator>.assignment,<operator>.assignment,1,,,ANY
30064771087,CALL,1,,$this->name,,STATIC_DISPATCH,,9,<operator>.fieldAccess,<operator>.fieldAccess,1,,,ANY
30064771088,CALL,-1,,"$x = $_GET[""name""]",,STATIC_DISPATCH,,12,<operator>.assignment,<operator>.assignment,3,,,ANY
30064771089,CALL,2,,"$_GET[""name""]",,STATIC_DISPATCH,,12,<operator>.indexAccess,<operator>.indexAccess,2,,,ANY
30064771090,CALL,-1,,$user1 = ,,STATIC_DISPATCH,,17,<operator>.assignment,<operator>.assignment,7,,,ANY
30064771091,CALL,-1,,$tmp0 = User.<alloc>(),,STATIC_DISPATCH,,17,<operator>.assignment,<operator>.assignment,1,,,User
30064771092,CALL,2,,User.<alloc>(),,STATIC_DISPATCH,,17,<operator>.alloc,<operator>.alloc,2,,,User
30064771093,CALL,-1,,User->__construct(),,DYNAMIC_DISPATCH,User->__construct,17,User->__construct,__construct,2,,<unresolvedSignature>(0),ANY
30064771094,CALL,-1,,$user2 = ,,STATIC_DISPATCH,,18,<operator>.assignment,<operator>.assignment,8,,,ANY
30064771095,CALL,-1,,$tmp1 = User.<alloc>(),,STATIC_DISPATCH,,18,<operator>.assignment,<operator>.assignment,1,,,User
30064771096,CALL,2,,User.<alloc>(),,STATIC_DISPATCH,,18,<operator>.alloc,<operator>.alloc,2,,,User
30064771097,CALL,-1,,User->__construct(),,DYNAMIC_DISPATCH,User->__construct,18,User->__construct,__construct,2,,<unresolvedSignature>(0),ANY
30064771098,CALL,-1,,"$user1->set_name(""Trevor"")",,DYNAMIC_DISPATCH,,19,User->set_name,set_name,9,,<unresolvedSignature>(1),User->set_name-><returnValue>
30064771099,CALL,-1,,"$user2->set_name(""Bernard"")",,DYNAMIC_DISPATCH,,20,User->set_name,set_name,10,,<unresolvedSignature>(1),User->set_name-><returnValue>
30064771100,CALL,-1,,$unsan = $user1->get_name(),,STATIC_DISPATCH,,22,<operator>.assignment,<operator>.assignment,11,,,ANY
30064771101,CALL,2,,$user1->get_name(),,DYNAMIC_DISPATCH,,22,User->get_name,get_name,2,,<unresolvedSignature>(0),User->get_name-><returnValue>
30064771102,CALL,-1,,"$input = $_GET[""username""]",,STATIC_DISPATCH,,2,<operator>.assignment,<operator>.assignment,4,,,ANY
30064771103,CALL,2,,"$_GET[""username""]",,STATIC_DISPATCH,,2,<operator>.indexAccess,<operator>.indexAccess,2,,,ANY
30064771104,CALL,-1,,"define(""SAN"",""HELLO"")",,STATIC_DISPATCH,define,3,define,define,5,,<unresolvedSignature>(2),ANY
30064771105,CALL,-1,,"define(""UNSAN"",""USERNAME: "" . $input)",,STATIC_DISPATCH,define,4,define,define,6,,<unresolvedSignature>(2),ANY
30064771106,CALL,2,,"""USERNAME: "" . $input",,STATIC_DISPATCH,,4,<operator>.concat,<operator>.concat,2,,,ANY
30064771107,CALL,-1,,printf(SAN),,STATIC_DISPATCH,printf,5,printf,printf,7,,<unresolvedSignature>(1),ANY
30064771108,CALL,1,,SAN,,STATIC_DISPATCH,,5,<operator>.fieldAccess,<operator>.fieldAccess,1,,,ANY
30064771109,CALL,-1,,printf(UNSAN),,STATIC_DISPATCH,printf,6,printf,printf,8,,<unresolvedSignature>(1),ANY
30064771110,CALL,1,,UNSAN,,STATIC_DISPATCH,,6,<operator>.fieldAccess,<operator>.fieldAccess,1,,,ANY
30064771111,CALL,-1,,"include ""neverused.php""",,STATIC_DISPATCH,include,2,include,include,3,,,ANY
30064771112,CALL,-1,,$x = getX(),,STATIC_DISPATCH,,3,<operator>.assignment,<operator>.assignment,4,,,ANY
30064771113,CALL,2,,getX(),,STATIC_DISPATCH,getX,3,getX,getX,2,,<unresolvedSignature>(0),ANY
30064771114,CALL,-1,,$y = getY(),,STATIC_DISPATCH,,4,<operator>.assignment,<operator>.assignment,5,,,ANY
30064771115,CALL,2,,getY(),,STATIC_DISPATCH,getY,4,getY,getY,2,,<unresolvedSignature>(0),ANY
30064771116,CALL,-1,,echo $x . $y,,STATIC_DISPATCH,echo,5,echo,echo,6,,,ANY
30064771117,CALL,1,,$x . $y,,STATIC_DISPATCH,,5,<operator>.concat,<operator>.concat,1,,,ANY
30064771118,CALL,-1,,print($y),,STATIC_DISPATCH,print,6,print,print,7,,,int
30064771119,CALL,-1,,"$x = ""admin""",,STATIC_DISPATCH,,2,<operator>.assignment,<operator>.assignment,4,,,ANY
30064771120,CALL,-1,,"$y = $_GET[""username""]",,STATIC_DISPATCH,,3,<operator>.assignment,<operator>.assignment,5,,,ANY
30064771121,CALL,2,,"$_GET[""username""]",,STATIC_DISPATCH,,3,<operator>.indexAccess,<operator>.indexAccess,2,,,ANY
30064771122,CALL,-1,,"fopen($x . "".php"")",,STATIC_DISPATCH,fopen,4,fopen,fopen,6,,<unresolvedSignature>(1),ANY
30064771123,CALL,1,,"$x . "".php""",,STATIC_DISPATCH,,4,<operator>.concat,<operator>.concat,1,,,ANY
30064771124,CALL,-1,,"fopen($y . ""php"")",,STATIC_DISPATCH,fopen,5,fopen,fopen,7,,<unresolvedSignature>(1),ANY
30064771125,CALL,1,,"$y . ""php""",,STATIC_DISPATCH,,5,<operator>.concat,<operator>.concat,1,,,ANY
30064771126,CALL,-1,,$x = 0,,STATIC_DISPATCH,,2,<operator>.assignment,<operator>.assignment,3,,,ANY
30064771127,CALL,-1,,$y = $x + 12,,STATIC_DISPATCH,,3,<operator>.assignment,<operator>.assignment,4,,,ANY
30064771128,CALL,2,,$x + 12,,STATIC_DISPATCH,,3,<operator>.plus,<operator>.plus,2,,,ANY
30064771129,CALL,-1,,$x = $x + $y,,STATIC_DISPATCH,,4,<operator>.assignment,<operator>.assignment,5,,,ANY
30064771130,CALL,2,,$x + $y,,STATIC_DISPATCH,,4,<operator>.plus,<operator>.plus,2,,,ANY
30064771131,CALL,-1,,$x = 0,,STATIC_DISPATCH,,2,<operator>.assignment,<operator>.assignment,4,,,ANY
30064771132,CALL,-1,,"$y = $x + $_GET[""input""]",,STATIC_DISPATCH,,3,<operator>.assignment,<operator>.assignment,5,,,ANY
30064771133,CALL,2,,"$x + $_GET[""input""]",,STATIC_DISPATCH,,3,<operator>.plus,<operator>.plus,2,,,ANY
30064771134,CALL,2,,"$_GET[""input""]",,STATIC_DISPATCH,,3,<operator>.indexAccess,<operator>.indexAccess,2,,,ANY
30064771135,CALL,-1,,$x = $x + $y,,STATIC_DISPATCH,,4,<operator>.assignment,<operator>.assignment,6,,,ANY
30064771136,CALL,2,,$x + $y,,STATIC_DISPATCH,,4,<operator>.plus,<operator>.plus,2,,,ANY
30064771137,CALL,-1,,"$y = ""INPUT: "" . $x",,STATIC_DISPATCH,,3,<operator>.assignment,<operator>.assignment,2,,,ANY
30064771138,CALL,2,,"""INPUT: "" . $x",,STATIC_DISPATCH,,3,<operator>.concat,<operator>.concat,2,,,ANY
30064771139,CALL,-1,,$x = filter_input($y),,STATIC_DISPATCH,,4,<operator>.assignment,<operator>.assignment,3,,,ANY
30064771140,CALL,2,,filter_input($y),,STATIC_DISPATCH,filter_input,4,filter_input,filter_input,2,,<unresolvedSignature>(1),ANY
30064771141,CALL,-1,,"$x = $_GET[""input""] + "" .""",,STATIC_DISPATCH,,3,<operator>.assignment,<operator>.assignment,3,,,ANY
30064771142,CALL,2,,"$_GET[""input""] + "" .""",,STATIC_DISPATCH,,3,<operator>.plus,<operator>.plus,2,,,ANY
30064771143,CALL,1,,"$_GET[""input""]",,STATIC_DISPATCH,,3,<operator>.indexAccess,<operator>.indexAccess,1,,,ANY
30064771144,CALL,-1,,$y = 12 * 24,,STATIC_DISPATCH,,7,<operator>.assignment,<operator>.assignment,2,,,ANY
30064771145,CALL,2,,12 * 24,,STATIC_DISPATCH,,7,<operator>.multiplication,<operator>.multiplication,2,,,ANY
30064771146,CALL,-1,,"$z = $_POST[""username""]",,STATIC_DISPATCH,,11,<operator>.assignment,<operator>.assignment,5,,,ANY
30064771147,CALL,2,,"$_POST[""username""]",,STATIC_DISPATCH,,11,<operator>.indexAccess,<operator>.indexAccess,2,,,ANY
30064771148,CALL,-1,,"$query = ""SELECT * FROM USERS WHERE ID = "" . $id . "" AND USERNAME = "" . $name . "" AND PASSWORD = "" . $psswd",,STATIC_DISPATCH,,3,<operator>.assignment,<operator>.assignment,2,,,ANY
30064771149,CALL,2,,"""SELECT * FROM USERS WHERE ID = "" . $id . "" AND USERNAME = "" . $name . "" AND PASSWORD = "" . $psswd",,STATIC_DISPATCH,,3,<operator>.concat,<operator>.concat,2,,,ANY
30064771150,CALL,1,,"""SELECT * FROM USERS WHERE ID = "" . $id . "" AND USERNAME = "" . $name . "" AND PASSWORD = """,,STATIC_DISPATCH,,3,<operator>.concat,<operator>.concat,1,,,ANY
30064771151,CALL,1,,"""SELECT * FROM USERS WHERE ID = "" . $id . "" AND USERNAME = "" . $name",,STATIC_DISPATCH,,3,<operator>.concat,<operator>.concat,1,,,ANY
30064771152,CALL,1,,"""SELECT * FROM USERS WHERE ID = "" . $id . "" AND USERNAME = """,,STATIC_DISPATCH,,3,<operator>.concat,<operator>.concat,1,,,ANY
30064771153,CALL,1,,"""SELECT * FROM USERS WHERE ID = "" . $id",,STATIC_DISPATCH,,3,<operator>.concat,<operator>.concat,1,,,ANY
30064771154,CALL,1,,mysql_query($query),,STATIC_DISPATCH,mysql_query,4,mysql_query,mysql_query,1,,<unresolvedSignature>(1),ANY
30064771155,CALL,-1,,"$user_id = (int) $_COOKIE[""uid""]",,STATIC_DISPATCH,,7,<operator>.assignment,<operator>.assignment,8,,,ANY
30064771156,CALL,2,,"(int) $_COOKIE[""uid""]",,STATIC_DISPATCH,,7,<operator>.cast,<operator>.cast,2,,,int
30064771157,CALL,2,,"$_COOKIE[""uid""]",,STATIC_DISPATCH,,7,<operator>.indexAccess,<operator>.indexAccess,2,,,ANY
30064771158,CALL,-1,,"$username = $_POST[""username""]",,STATIC_DISPATCH,,8,<operator>.assignment,<operator>.assignment,9,,,ANY
30064771159,CALL,2,,"$_POST[""username""]",,STATIC_DISPATCH,,8,<operator>.indexAccess,<operator>.indexAccess,2,,,ANY
30064771160,CALL,-1,,$name = mysql_escape_string($username),,STATIC_DISPATCH,,9,<operator>.assignment,<operator>.assignment,10,,,ANY
30064771161,CALL,2,,mysql_escape_string($username),,STATIC_DISPATCH,mysql_escape_string,9,mysql_escape_string,mysql_escape_string,2,,<unresolvedSignature>(1),ANY
30064771162,CALL,-1,,"$password = $_POST[""password""]",,STATIC_DISPATCH,,10,<operator>.assignment,<operator>.assignment,11,,,ANY
30064771163,CALL,2,,"$_POST[""password""]",,STATIC_DISPATCH,,10,<operator>.indexAccess,<operator>.indexAccess,2,,,ANY
30064771164,CALL,-1,,"$data = getCustomerData($user_id,$name,$password)",,STATIC_DISPATCH,,12,<operator>.assignment,<operator>.assignment,12,,,ANY
30064771165,CALL,2,,"getCustomerData($user_id,$name,$password)",,STATIC_DISPATCH,getCustomerData,12,getCustomerData,getCustomerData,2,,<unresolvedSignature>(3),ANY
30064771166,CALL,-1,,echo $data,,STATIC_DISPATCH,echo,13,echo,echo,13,,,ANY
30064771167,CALL,-1,,"$name = $_GET[""name""]",,STATIC_DISPATCH,,2,<operator>.assignment,<operator>.assignment,3,,,ANY
30064771168,CALL,2,,"$_GET[""name""]",,STATIC_DISPATCH,,2,<operator>.indexAccess,<operator>.indexAccess,2,,,ANY
30064771169,CALL,-1,,"echo ""Hello "" . htmlentities($name)",,STATIC_DISPATCH,echo,3,echo,echo,4,,,ANY
30064771170,CALL,1,,"""Hello "" . htmlentities($name)",,STATIC_DISPATCH,,3,<operator>.concat,<operator>.concat,1,,,ANY
30064771171,CALL,2,,htmlentities($name),,STATIC_DISPATCH,htmlentities,3,htmlentities,htmlentities,2,,<unresolvedSignature>(1),ANY
30064771172,CALL,-1,,"$name = $_GET[""name""]",,STATIC_DISPATCH,,2,<operator>.assignment,<operator>.assignment,3,,,ANY
30064771173,CALL,2,,"$_GET[""name""]",,STATIC_DISPATCH,,2,<operator>.indexAccess,<operator>.indexAccess,2,,,ANY
30064771174,CALL,-1,,"echo ""Hello "" . $name",,STATIC_DISPATCH,echo,3,echo,echo,4,,,ANY
30064771175,CALL,1,,"""Hello "" . $name",,STATIC_DISPATCH,,3,<operator>.concat,<operator>.concat,1,,,ANY
30064771176,CALL,-1,,$n == 0,,STATIC_DISPATCH,,3,<operator>.equals,<operator>.equals,1,,,ANY
30064771177,CALL,1,,$n * factorial($n - 1),,STATIC_DISPATCH,,4,<operator>.multiplication,<operator>.multiplication,1,,,ANY
30064771178,CALL,2,,factorial($n - 1),,STATIC_DISPATCH,factorial,4,factorial,factorial,2,,<unresolvedSignature>(1),ANY
30064771179,CALL,1,,$n - 1,,STATIC_DISPATCH,,4,<operator>.minus,<operator>.minus,1,,,ANY
30064771180,CALL,-1,,"$x = $_GET[""input""]",,STATIC_DISPATCH,,2,<operator>.assignment,<operator>.assignment,3,,,ANY
30064771181,CALL,2,,"$_GET[""input""]",,STATIC_DISPATCH,,2,<operator>.indexAccess,<operator>.indexAccess,2,,,ANY
30064771182,CALL,-1,,"settype($x,""int"")",,STATIC_DISPATCH,settype,3,settype,settype,4,,<unresolvedSignature>(2),ANY
30064771183,CALL,-1,,echo $x,,STATIC_DISPATCH,echo,4,echo,echo,5,,,ANY
