133143986176,MODIFIER,<empty>,,,PUBLIC,3
133143986177,MODIFIER,<empty>,,,PUBLIC,3
133143986178,MODIFIER,<empty>,,,VIRTUAL,2
133143986179,MODIFIER,<empty>,,,PUBLIC,3
133143986180,MODIFIER,<empty>,,,STATIC,4
133143986181,MODIFIER,<empty>,,,MODULE,5
133143986182,MODIFIER,<empty>,,,PUBLIC,1
133143986183,MODIFIER,<empty>,,,PUBLIC,1
133143986184,MODIFIER,<empty>,,,VIRTUAL,3
133143986185,MODIFIER,<empty>,,,PUBLIC,4
133143986186,MODIFIER,<empty>,,,CONSTRUCTOR,5
133143986187,MODIFIER,<empty>,,,PUBLIC,4
133143986188,MODIFIER,<empty>,,,PUBLIC,3
133143986189,MODIFIER,<empty>,,,VIRTUAL,2
133143986190,MODIFIER,<empty>,,,PUBLIC,3
133143986191,MODIFIER,<empty>,,,STATIC,4
133143986192,MODIFIER,<empty>,,,MODULE,5
133143986193,MODIFIER,<empty>,,,VIRTUAL,2
133143986194,MODIFIER,<empty>,,,PUBLIC,3
133143986195,MODIFIER,<empty>,,,STATIC,4
133143986196,MODIFIER,<empty>,,,MODULE,5
133143986197,MODIFIER,<empty>,,,VIRTUAL,2
133143986198,MODIFIER,<empty>,,,PUBLIC,3
133143986199,MODIFIER,<empty>,,,STATIC,4
133143986200,MODIFIER,<empty>,,,MODULE,5
133143986201,MODIFIER,<empty>,,,VIRTUAL,2
133143986202,MODIFIER,<empty>,,,PUBLIC,3
133143986203,MODIFIER,<empty>,,,STATIC,4
133143986204,MODIFIER,<empty>,,,MODULE,5
133143986205,MODIFIER,<empty>,,,VIRTUAL,2
133143986206,MODIFIER,<empty>,,,PUBLIC,3
133143986207,MODIFIER,<empty>,,,STATIC,4
133143986208,MODIFIER,<empty>,,,MODULE,5
133143986209,MODIFIER,<empty>,,,VIRTUAL,2
133143986210,MODIFIER,<empty>,,,PUBLIC,3
133143986211,MODIFIER,<empty>,,,STATIC,4
133143986212,MODIFIER,<empty>,,,MODULE,5
133143986213,MODIFIER,<empty>,,,PUBLIC,3
133143986214,MODIFIER,<empty>,,,VIRTUAL,2
133143986215,MODIFIER,<empty>,,,PUBLIC,3
133143986216,MODIFIER,<empty>,,,STATIC,4
133143986217,MODIFIER,<empty>,,,MODULE,5
133143986218,MODIFIER,<empty>,,,PUBLIC,2
133143986219,MODIFIER,<empty>,,,PUBLIC,2
133143986220,MODIFIER,<empty>,,,VIRTUAL,2
133143986221,MODIFIER,<empty>,,,PUBLIC,3
133143986222,MODIFIER,<empty>,,,STATIC,4
133143986223,MODIFIER,<empty>,,,MODULE,5
133143986224,MODIFIER,<empty>,,,PUBLIC,5
133143986225,MODIFIER,<empty>,,,VIRTUAL,2
133143986226,MODIFIER,<empty>,,,PUBLIC,3
133143986227,MODIFIER,<empty>,,,STATIC,4
133143986228,MODIFIER,<empty>,,,MODULE,5
133143986229,MODIFIER,<empty>,,,VIRTUAL,2
133143986230,MODIFIER,<empty>,,,PUBLIC,3
133143986231,MODIFIER,<empty>,,,STATIC,4
133143986232,MODIFIER,<empty>,,,MODULE,5
133143986233,MODIFIER,<empty>,,,VIRTUAL,2
133143986234,MODIFIER,<empty>,,,PUBLIC,3
133143986235,MODIFIER,<empty>,,,STATIC,4
133143986236,MODIFIER,<empty>,,,MODULE,5
133143986237,MODIFIER,<empty>,,,PUBLIC,3
133143986238,MODIFIER,<empty>,,,VIRTUAL,2
133143986239,MODIFIER,<empty>,,,PUBLIC,3
133143986240,MODIFIER,<empty>,,,STATIC,4
133143986241,MODIFIER,<empty>,,,MODULE,5
133143986242,MODIFIER,<empty>,,,VIRTUAL,2
133143986243,MODIFIER,<empty>,,,PUBLIC,3
133143986244,MODIFIER,<empty>,,,STATIC,4
133143986245,MODIFIER,<empty>,,,MODULE,5
