120259084288,METHOD_PARAMETER_OUT,&$p1,,BY_REFERENCE,1,false,2,p1,1,ANY
120259084289,METHOD_PARAMETER_OUT,&$p1,,BY_REFERENCE,1,false,6,p1,1,ANY
120259084290,METHOD_PARAMETER_OUT,this,,BY_SHARING,0,false,2,this,0,User
120259084291,METHOD_PARAMETER_OUT,this,,BY_SHARING,0,false,8,this,0,User
120259084292,METHOD_PARAMETER_OUT,$name,,BY_VALUE,1,false,8,name,1,ANY
120259084293,METHOD_PARAMETER_OUT,this,,BY_SHARING,0,false,11,this,0,User
120259084294,METHOD_PARAMETER_OUT,$x,,BY_VALUE,1,false,2,x,1,ANY
120259084295,METHOD_PARAMETER_OUT,$id,,BY_VALUE,1,false,2,id,1,ANY
120259084296,METHOD_PARAMETER_OUT,$name,,BY_VALUE,2,false,2,name,2,ANY
120259084297,METHOD_PARAMETER_OUT,$psswd,,BY_VALUE,3,false,2,psswd,3,ANY
120259084298,METHOD_PARAMETER_OUT,$n,,BY_VALUE,1,false,2,n,1,ANY
120259084299,METHOD_PARAMETER_OUT,p1,,BY_VALUE,1,false,,p1,1,ANY
120259084300,METHOD_PARAMETER_OUT,p2,,BY_VALUE,2,false,,p2,2,ANY
120259084301,METHOD_PARAMETER_OUT,p1,,BY_VALUE,1,false,,p1,1,ANY
120259084302,METHOD_PARAMETER_OUT,p1,,BY_VALUE,1,false,,p1,1,ANY
120259084303,METHOD_PARAMETER_OUT,p2,,BY_VALUE,2,false,,p2,2,ANY
120259084304,METHOD_PARAMETER_OUT,p1,,BY_VALUE,1,false,,p1,1,ANY
120259084305,METHOD_PARAMETER_OUT,p2,,BY_VALUE,2,false,,p2,2,ANY
120259084306,METHOD_PARAMETER_OUT,p1,,BY_VALUE,1,false,,p1,1,ANY
120259084307,METHOD_PARAMETER_OUT,p1,,BY_VALUE,1,false,,p1,1,ANY
120259084308,METHOD_PARAMETER_OUT,p2,,BY_VALUE,2,false,,p2,2,ANY
120259084309,METHOD_PARAMETER_OUT,p0,,BY_VALUE,1,false,,p0,0,ANY
120259084310,METHOD_PARAMETER_OUT,p1,,BY_VALUE,2,false,,p1,1,ANY
120259084311,METHOD_PARAMETER_OUT,p2,,BY_VALUE,3,false,,p2,2,ANY
120259084312,METHOD_PARAMETER_OUT,p0,,BY_VALUE,1,false,,p0,0,ANY
120259084313,METHOD_PARAMETER_OUT,p1,,BY_VALUE,2,false,,p1,1,ANY
120259084314,METHOD_PARAMETER_OUT,p2,,BY_VALUE,3,false,,p2,2,ANY
120259084315,METHOD_PARAMETER_OUT,p0,,BY_VALUE,1,false,,p0,0,ANY
120259084316,METHOD_PARAMETER_OUT,p1,,BY_VALUE,2,false,,p1,1,ANY
120259084317,METHOD_PARAMETER_OUT,p1,,BY_VALUE,1,false,,p1,1,ANY
120259084318,METHOD_PARAMETER_OUT,p2,,BY_VALUE,2,false,,p2,2,ANY
120259084319,METHOD_PARAMETER_OUT,p1,,BY_VALUE,1,false,,p1,1,ANY
120259084320,METHOD_PARAMETER_OUT,p1,,BY_VALUE,1,false,,p1,1,ANY
120259084321,METHOD_PARAMETER_OUT,p1,,BY_VALUE,1,false,,p1,1,ANY
120259084322,METHOD_PARAMETER_OUT,p1,,BY_VALUE,1,false,,p1,1,ANY
120259084323,METHOD_PARAMETER_OUT,p1,,BY_VALUE,1,false,,p1,1,ANY
120259084324,METHOD_PARAMETER_OUT,p2,,BY_VALUE,2,false,,p2,2,ANY
120259084325,METHOD_PARAMETER_OUT,p1,,BY_VALUE,1,false,,p1,1,ANY
120259084326,METHOD_PARAMETER_OUT,p2,,BY_VALUE,2,false,,p2,2,ANY
120259084327,METHOD_PARAMETER_OUT,p1,,BY_VALUE,1,false,,p1,1,ANY
120259084328,METHOD_PARAMETER_OUT,p1,,BY_VALUE,1,false,,p1,1,ANY
120259084329,METHOD_PARAMETER_OUT,p2,,BY_VALUE,2,false,,p2,2,ANY
120259084330,METHOD_PARAMETER_OUT,p1,,BY_VALUE,1,false,,p1,1,ANY
120259084331,METHOD_PARAMETER_OUT,p1,,BY_VALUE,1,false,,p1,1,ANY
120259084332,METHOD_PARAMETER_OUT,p1,,BY_VALUE,1,false,,p1,1,ANY
120259084333,METHOD_PARAMETER_OUT,p2,,BY_VALUE,2,false,,p2,2,ANY
120259084334,METHOD_PARAMETER_OUT,p1,,BY_VALUE,1,false,,p1,1,ANY
120259084335,METHOD_PARAMETER_OUT,p2,,BY_VALUE,2,false,,p2,2,ANY
120259084336,METHOD_PARAMETER_OUT,p1,,BY_VALUE,1,false,,p1,1,ANY
120259084337,METHOD_PARAMETER_OUT,p2,,BY_VALUE,2,false,,p2,2,ANY
