wcf1_acl_option,optionID,"['INT(10)', 'NOT NULL', 'AUTO_INCREMENT']",True
wcf1_acl_option,packageID,"['INT(10)', 'NOT NULL']",True
wcf1_acl_option,objectTypeID,"['INT(10)', 'NOT NULL']",True
wcf1_acl_option,optionName,"['VARCHAR(255)', 'NOT NULL']",False
wcf1_acl_option,categoryName,"['VARCHAR(255)', 'NOT NULL', 'UNIQUE']",False
wcf1_acl_option_category,categoryID,"['INT(10)', 'NOT NULL', 'AUTO_INCREMENT']",True
wcf1_acl_option_category,packageID,"['INT(10)', 'NOT NULL']",True
wcf1_acl_option_category,objectTypeID,"['INT(10)', 'NOT NULL']",True
wcf1_acl_option_category,categoryName,"['VARCHAR(255)', 'NOT NULL', 'UNIQUE']",False
wcf1_acl_option_to_user,optionID,"['INT(10)', 'NOT NULL']",True
wcf1_acl_option_to_user,objectID,"['INT(10)', 'NOT NULL']",True
wcf1_acl_option_to_user,userID,"['INT(10)', 'NOT NULL']",True
wcf1_acl_option_to_user,optionValue,"['TINYINT(1)', 'NOT NULL', 'DEFAULT', '0', 'UNIQUE']",True
wcf1_acl_option_to_group,optionID,"['INT(10)', 'NOT NULL']",True
wcf1_acl_option_to_group,objectID,"['INT(10)', 'NOT NULL']",True
wcf1_acl_option_to_group,groupID,"['INT(10)', 'NOT NULL']",True
wcf1_acl_option_to_group,optionValue,"['TINYINT(1)', 'NOT NULL', 'DEFAULT', '0', 'UNIQUE']",True
wcf1_acp_menu_item,menuItemID,"['INT(10)', 'NOT NULL', 'AUTO_INCREMENT']",True
wcf1_acp_menu_item,packageID,"['INT(10)', 'NOT NULL']",True
wcf1_acp_menu_item,menuItem,"['VARCHAR(255)', 'NOT NULL', 'DEFAULT', ""''""]",False
wcf1_acp_menu_item,parentMenuItem,"['VARCHAR(255)', 'NOT NULL', 'DEFAULT', ""''""]",False
wcf1_acp_menu_item,menuItemController,"['VARCHAR(255)', 'NOT NULL', 'DEFAULT', ""''""]",False
wcf1_acp_menu_item,menuItemLink,"['VARCHAR(255)', 'NOT NULL', 'DEFAULT', ""''""]",False
wcf1_acp_menu_item,showOrder,"['INT(10)', 'NOT NULL', 'DEFAULT', '0']",True
wcf1_acp_menu_item,permissions,['UNIQUE'],False
wcf1_acp_search_provider,providerID,"['INT(10)', 'NOT NULL', 'AUTO_INCREMENT']",True
wcf1_acp_search_provider,packageID,"['INT(10)', 'NOT NULL']",True
wcf1_acp_search_provider,providerName,"['VARCHAR(255)', 'NOT NULL', 'DEFAULT', ""''""]",False
wcf1_acp_search_provider,className,"['VARCHAR(255)', 'NOT NULL', 'DEFAULT', ""''""]",False
wcf1_acp_search_provider,showOrder,"['INT(10)', 'NOT NULL', 'DEFAULT', '0', 'UNIQUE']",True
wcf1_acp_session,sessionID,"['CHAR(40)', 'NOT NULL']",False
wcf1_acp_session,userID,['INT(10)'],True
wcf1_acp_session,ipAddress,"['VARCHAR(39)', 'NOT NULL', 'DEFAULT', ""''""]",False
wcf1_acp_session,userAgent,"['VARCHAR(255)', 'NOT NULL', 'DEFAULT', ""''""]",False
wcf1_acp_session,lastActivityTime,"['INT(10)', 'NOT NULL', 'DEFAULT', '0']",True
wcf1_acp_session,requestURI,"['VARCHAR(255)', 'NOT NULL', 'DEFAULT', ""''""]",False
wcf1_acp_session,requestMethod,"['VARCHAR(7)', 'NOT NULL', 'DEFAULT', ""''""]",False
wcf1_acp_session,controller,"['VARCHAR(255)', 'NOT NULL', 'DEFAULT', ""''""]",False
wcf1_acp_session,parentObjectType,"['VARCHAR(255)', 'NOT NULL', 'DEFAULT', ""''""]",False
wcf1_acp_session,parentObjectID,"['INT(10)', 'NOT NULL', 'DEFAULT', '0']",True
wcf1_acp_session,objectType,"['VARCHAR(255)', 'NOT NULL', 'DEFAULT', ""''""]",False
wcf1_acp_session,objectID,"['INT(10)', 'NOT NULL', 'DEFAULT', '0']",True
wcf1_acp_session,sessionVariables,['MEDIUMTEXT'],False
wcf1_acp_session_access_log,sessionAccessLogID,"['INT(10)', 'NOT NULL', 'AUTO_INCREMENT']",True
wcf1_acp_session_access_log,sessionLogID,"['INT(10)', 'NOT NULL']",True
wcf1_acp_session_access_log,ipAddress,"['VARCHAR(39)', 'NOT NULL', 'DEFAULT', ""''"", 'time', 'INT(10)', 'NOT NULL', 'DEFAULT', '0']",True
wcf1_acp_session_access_log,requestURI,"['VARCHAR(255)', 'NOT NULL', 'DEFAULT', ""''""]",False
wcf1_acp_session_access_log,requestMethod,"['VARCHAR(7)', 'NOT NULL', 'DEFAULT', ""''""]",False
wcf1_acp_session_access_log,className,"['VARCHAR(255)', 'NOT NULL', 'DEFAULT', ""''""]",False
wcf1_acp_session_log,sessionLogID,"['INT(10)', 'NOT NULL', 'AUTO_INCREMENT']",True
wcf1_acp_session_log,sessionID,"['CHAR(40)', 'NOT NULL', 'DEFAULT', ""''""]",False
wcf1_acp_session_log,userID,['INT(10)'],True
wcf1_acp_session_log,ipAddress,"['VARCHAR(39)', 'NOT NULL', 'DEFAULT', ""''""]",False
wcf1_acp_session_log,hostname,"['VARCHAR(255)', 'NOT NULL', 'DEFAULT', ""''""]",False
wcf1_acp_session_log,userAgent,"['VARCHAR(255)', 'NOT NULL', 'DEFAULT', ""''"", 'time', 'INT(10)', 'NOT NULL', 'DEFAULT', '0']",True
wcf1_acp_session_log,lastActivityTime,"['INT(10)', 'NOT NULL', 'DEFAULT', '0']",True
wcf1_acp_template,templateID,"['INT(10)', 'NOT NULL', 'AUTO_INCREMENT']",True
wcf1_acp_template,packageID,['INT(10)'],True
wcf1_acp_template,templateName,"['VARCHAR(255)', 'NOT NULL']",False
wcf1_acp_template,application,"['VARCHAR(20)', 'NOT NULL', 'UNIQUE']",False
wcf1_ad,adID,"['INT(10)', 'NOT NULL', 'AUTO_INCREMENT']",True
wcf1_ad,objectTypeID,"['INT(10)', 'NOT NULL']",True
wcf1_ad,adName,"['VARCHAR(255)', 'NOT NULL']",False
wcf1_ad,ad,['MEDIUMTEXT'],False
wcf1_ad,isDisabled,"['TINYINT(1)', 'NOT NULL', 'DEFAULT', '0']",True
wcf1_ad,showOrder,"['INT(10)', 'NOT NULL', 'DEFAULT', '0']",True
wcf1_application,packageID,"['INT(10)', 'NOT NULL']",True
wcf1_application,domainName,"['VARCHAR(255)', 'NOT NULL']",False
wcf1_application,domainPath,"['VARCHAR(255)', 'NOT NULL', 'DEFAULT', ""'/'""]",False
wcf1_application,cookieDomain,"['VARCHAR(255)', 'NOT NULL']",False
wcf1_application,cookiePath,"['VARCHAR(255)', 'NOT NULL', 'DEFAULT', ""'/'""]",False
wcf1_application,isPrimary,"['TINYINT(1)', 'NOT NULL', 'DEFAULT', '0']",True
wcf1_attachment,attachmentID,"['INT(10)', 'NOT NULL', 'AUTO_INCREMENT']",True
wcf1_attachment,objectTypeID,"['INT(10)', 'NOT NULL']",True
wcf1_attachment,objectID,['INT(10)'],True
wcf1_attachment,userID,['INT(10)'],True
wcf1_attachment,tmpHash,"['VARCHAR(40)', 'NOT NULL', 'DEFAULT', ""''""]",False
wcf1_attachment,filename,"['VARCHAR(255)', 'NOT NULL', 'DEFAULT', ""''""]",False
wcf1_attachment,filesize,"['INT(10)', 'NOT NULL', 'DEFAULT', '0']",True
wcf1_attachment,fileType,"['VARCHAR(255)', 'NOT NULL', 'DEFAULT', ""''""]",False
wcf1_attachment,fileHash,"['VARCHAR(40)', 'NOT NULL', 'DEFAULT', ""''""]",False
wcf1_attachment,isImage,"['TINYINT(1)', 'NOT NULL', 'DEFAULT', '0']",True
wcf1_attachment,width,"['SMALLINT(5)', 'NOT NULL', 'DEFAULT', '0']",True
wcf1_attachment,height,"['SMALLINT(5)', 'NOT NULL', 'DEFAULT', '0']",True
wcf1_attachment,tinyThumbnailType,"['VARCHAR(255)', 'NOT NULL', 'DEFAULT', ""''""]",False
wcf1_attachment,tinyThumbnailSize,"['INT(10)', 'NOT NULL', 'DEFAULT', '0']",True
wcf1_attachment,tinyThumbnailWidth,"['SMALLINT(5)', 'NOT NULL', 'DEFAULT', '0']",True
wcf1_attachment,tinyThumbnailHeight,"['SMALLINT(5)', 'NOT NULL', 'DEFAULT', '0']",True
wcf1_attachment,thumbnailType,"['VARCHAR(255)', 'NOT NULL', 'DEFAULT', ""''""]",False
wcf1_attachment,thumbnailSize,"['INT(10)', 'NOT NULL', 'DEFAULT', '0']",True
wcf1_attachment,thumbnailWidth,"['SMALLINT(5)', 'NOT NULL', 'DEFAULT', '0']",True
wcf1_attachment,thumbnailHeight,"['SMALLINT(5)', 'NOT NULL', 'DEFAULT', '0']",True
wcf1_attachment,downloads,"['INT(10)', 'NOT NULL', 'DEFAULT', '0']",True
wcf1_attachment,lastDownloadTime,"['INT(10)', 'NOT NULL', 'DEFAULT', '0']",True
wcf1_attachment,uploadTime,"['INT(10)', 'NOT NULL', 'DEFAULT', '0']",True
wcf1_attachment,showOrder,"['KEY', '(objectID, uploadTime)']",True
wcf1_bbcode,bbcodeID,"['INT(10)', 'NOT NULL', 'AUTO_INCREMENT']",True
wcf1_bbcode,bbcodeTag,"['VARCHAR(255)', 'NOT NULL']",False
wcf1_bbcode,packageID,"['INT(10)', 'NOT NULL']",True
wcf1_bbcode,htmlOpen,"['VARCHAR(255)', 'NOT NULL', 'DEFAULT', ""''""]",False
wcf1_bbcode,htmlClose,"['VARCHAR(255)', 'NOT NULL', 'DEFAULT', ""''""]",False
wcf1_bbcode,allowedChildren,"['VARCHAR(255)', 'NOT NULL', 'DEFAULT', ""'all'""]",False
wcf1_bbcode,className,"['VARCHAR(255)', 'NOT NULL', 'DEFAULT', ""''""]",False
wcf1_bbcode,wysiwygIcon,"['varchar(255)', 'NOT NULL', 'DEFAULT', ""''""]",False
wcf1_bbcode,buttonLabel,"['VARCHAR(255)', 'NOT NULL', 'DEFAULT', ""''""]",False
wcf1_bbcode,isSourceCode,"['TINYINT(1)', 'NOT NULL', 'DEFAULT', '0']",True
wcf1_bbcode,isDisabled,"['TINYINT(1)', 'NOT NULL', 'DEFAULT', '0']",True
wcf1_bbcode,showButton,"['TINYINT(1)', 'NOT NULL', 'DEFAULT', '0']",True
wcf1_bbcode,originIsSystem,"['TINYINT(1)', 'NOT NULL', 'DEFAULT', '0', 'UNIQUE']",True
wcf1_bbcode_attribute,attributeID,"['INT(10)', 'NOT NULL', 'AUTO_INCREMENT']",True
wcf1_bbcode_attribute,bbcodeID,"['INT(10)', 'NOT NULL']",True
wcf1_bbcode_attribute,attributeNo,"['TINYINT(3)', 'NOT NULL', 'DEFAULT', '0']",True
wcf1_bbcode_attribute,attributeHtml,"['VARCHAR(255)', 'NOT NULL', 'DEFAULT', ""''""]",False
wcf1_bbcode_attribute,validationPattern,"['VARCHAR(255)', 'NOT NULL', 'DEFAULT', ""''""]",False
wcf1_bbcode_attribute,required,"['TINYINT(1)', 'NOT NULL', 'DEFAULT', '0']",True
wcf1_bbcode_attribute,useText,"['TINYINT(1)', 'NOT NULL', 'DEFAULT', '0', 'UNIQUE']",True
wcf1_bbcode_media_provider,providerID,"['INT(10)', 'NOT NULL', 'AUTO_INCREMENT']",True
wcf1_bbcode_media_provider,title,"['VARCHAR(255)', 'NOT NULL']",False
wcf1_bbcode_media_provider,regex,"['TEXT', 'NOT NULL']",False
wcf1_bbcode_media_provider,html,"['TEXT', 'NOT NULL']",False
wcf1_captcha_question,questionID,"['INT(10)', 'NOT NULL', 'AUTO_INCREMENT']",True
wcf1_captcha_question,question,"['VARCHAR(255)', 'NOT NULL']",False
wcf1_captcha_question,answers,['MEDIUMTEXT'],False
wcf1_captcha_question,isDisabled,"['TINYINT(1)', 'NOT NULL', 'DEFAULT', '0']",True
wcf1_category,categoryID,"['INT(10)', 'NOT NULL', 'AUTO_INCREMENT']",True
wcf1_category,objectTypeID,"['INT(10)', 'NOT NULL']",True
wcf1_category,parentCategoryID,"['INT(10)', 'NOT NULL', 'DEFAULT', '0']",True
wcf1_category,title,"['VARCHAR(255)', 'NOT NULL']",False
wcf1_category,description,['TEXT'],False
wcf1_category,showOrder,"['INT(10)', 'NOT NULL', 'DEFAULT', '0', 'time', 'INT(10)', 'NOT NULL', 'DEFAULT', '0']",True
wcf1_category,isDisabled,"['TINYINT(1)', 'NOT NULL', 'DEFAULT', '0']",True
wcf1_category,additionalData,['TEXT'],False
wcf1_cli_history,historyItem,"['INT(10)', 'NOT NULL', 'AUTO_INCREMENT']",True
wcf1_cli_history,userID,"['INT(10)', 'NOT NULL']",True
wcf1_cli_history,command,"['VARCHAR(255)', 'NOT NULL']",False
wcf1_clipboard_action,actionID,"['INT(10)', 'NOT NULL', 'AUTO_INCREMENT']",True
wcf1_clipboard_action,packageID,"['INT(10)', 'NOT NULL', 'DEFAULT', '0']",True
wcf1_clipboard_action,actionName,"['VARCHAR(50)', 'NOT NULL', 'DEFAULT', ""''""]",False
wcf1_clipboard_action,actionClassName,"['VARCHAR(200)', 'NOT NULL', 'DEFAULT', ""''""]",False
wcf1_clipboard_action,showOrder,"['INT(10)', 'NOT NULL', 'DEFAULT', '0', 'UNIQUE']",True
wcf1_clipboard_item,objectTypeID,"['INT(10)', 'NOT NULL', 'DEFAULT', '0']",True
wcf1_clipboard_item,userID,"['INT(10)', 'NOT NULL', 'DEFAULT', '0']",True
wcf1_clipboard_item,objectID,"['INT(10)', 'NOT NULL', 'DEFAULT', '0', 'UNIQUE']",True
wcf1_clipboard_page,pageClassName,"['VARCHAR(80)', 'NOT NULL', 'DEFAULT', ""''""]",False
wcf1_clipboard_page,packageID,"['INT(10)', 'NOT NULL', 'DEFAULT', '0']",True
wcf1_clipboard_page,actionID,"['INT(10)', 'NOT NULL', 'DEFAULT', '0']",True
wcf1_comment,commentID,"['INT(10)', 'NOT NULL', 'AUTO_INCREMENT']",True
wcf1_comment,objectTypeID,"['INT(10)', 'NOT NULL']",True
wcf1_comment,objectID,"['INT(10)', 'NOT NULL', 'time', 'INT(10)', 'NOT NULL', 'DEFAULT', ""'0'""]",True
wcf1_comment,userID,['INT(10)'],True
wcf1_comment,username,"['VARCHAR(255)', 'NOT NULL']",False
wcf1_comment,message,"['TEXT', 'NOT NULL']",False
wcf1_comment,responses,"['MEDIUMINT(7)', 'NOT NULL', 'DEFAULT', ""'0'""]",True
wcf1_comment,responseIDs,"['KEY', 'lastCommentTime (userID, time)']",True
wcf1_comment_response,responseID,"['INT(10)', 'NOT NULL', 'AUTO_INCREMENT']",True
wcf1_comment_response,commentID,"['INT(10)', 'NOT NULL', 'time', 'INT(10)', 'NOT NULL', 'DEFAULT', ""'0'""]",True
wcf1_comment_response,userID,['INT(10)'],True
wcf1_comment_response,username,"['VARCHAR(255)', 'NOT NULL']",False
wcf1_comment_response,message,"['KEY', 'lastResponseTime (userID, time)']",True
wcf1_condition,conditionID,"['INT(10)', 'NOT NULL', 'AUTO_INCREMENT']",True
wcf1_condition,objectTypeID,"['INT(10)', 'NOT NULL']",True
wcf1_condition,objectID,"['INT(10)', 'NOT NULL']",True
wcf1_condition,conditionData,['MEDIUMTEXT'],False
wcf1_core_object,objectID,"['INT(10)', 'NOT NULL', 'AUTO_INCREMENT']",True
wcf1_core_object,packageID,"['INT(10)', 'NOT NULL']",True
wcf1_core_object,objectName,"['VARCHAR(255)', 'NOT NULL', 'DEFAULT', ""''"", 'UNIQUE']",False
wcf1_cronjob,cronjobID,"['INT(10)', 'NOT NULL', 'AUTO_INCREMENT']",True
wcf1_cronjob,className,"['varchar(255)', 'NOT NULL', 'DEFAULT', ""''""]",False
wcf1_cronjob,packageID,"['INT(10)', 'NOT NULL']",True
wcf1_cronjob,description,"['varchar(255)', 'NOT NULL', 'DEFAULT', ""''""]",False
wcf1_cronjob,startMinute,"['varchar(255)', 'NOT NULL', 'DEFAULT', ""'*'""]",False
wcf1_cronjob,startHour,"['varchar(255)', 'NOT NULL', 'DEFAULT', ""'*'""]",False
wcf1_cronjob,startDom,"['varchar(255)', 'NOT NULL', 'DEFAULT', ""'*'""]",False
wcf1_cronjob,startMonth,"['varchar(255)', 'NOT NULL', 'DEFAULT', ""'*'""]",False
wcf1_cronjob,startDow,"['varchar(255)', 'NOT NULL', 'DEFAULT', ""'*'""]",False
wcf1_cronjob,lastExec,"['INT(10)', 'NOT NULL', 'DEFAULT', '0']",True
wcf1_cronjob,nextExec,"['INT(10)', 'NOT NULL', 'DEFAULT', '0']",True
wcf1_cronjob,afterNextExec,"['INT(10)', 'NOT NULL', 'DEFAULT', '0']",True
wcf1_cronjob,isDisabled,"['TINYINT(1)', 'NOT NULL', 'DEFAULT', '0']",True
wcf1_cronjob,canBeEdited,"['TINYINT(1)', 'NOT NULL', 'DEFAULT', '1']",True
wcf1_cronjob,canBeDisabled,"['TINYINT(1)', 'NOT NULL', 'DEFAULT', '1']",True
wcf1_cronjob,state,"['TINYINT(1)', 'NOT NULL', 'DEFAULT', '0']",True
wcf1_cronjob,failCount,"['TINYINT(1)', 'NOT NULL', 'DEFAULT', '0']",True
wcf1_cronjob_log,cronjobLogID,"['INT(10)', 'NOT NULL', 'AUTO_INCREMENT']",True
wcf1_cronjob_log,cronjobID,"['INT(10)', 'NOT NULL']",True
wcf1_cronjob_log,execTime,"['INT(10)', 'NOT NULL', 'DEFAULT', '0']",True
wcf1_cronjob_log,success,"['TINYINT(1)', 'NOT NULL', 'DEFAULT', '0']",True
wcf1_cronjob_log,error,['TEXT'],False
wcf1_dashboard_box,boxID,"['INT(10)', 'NOT NULL', 'AUTO_INCREMENT']",True
wcf1_dashboard_box,packageID,"['INT(10)', 'NOT NULL']",True
wcf1_dashboard_box,boxName,"['VARCHAR(255)', 'NOT NULL', 'DEFAULT', ""''""]",False
wcf1_dashboard_box,boxType,"['VARCHAR(30)', 'NOT NULL', 'DEFAULT', ""'sidebar'""]",False
wcf1_dashboard_box,className,"[""-- can be 'content' or 'sidebar'\n\t"", 'VARCHAR(255)', 'NOT NULL', 'DEFAULT', ""''""]",False
wcf1_dashboard_option,objectTypeID,"['INT(10)', 'NOT NULL']",True
wcf1_dashboard_option,boxID,"['INT(10)', 'NOT NULL']",True
wcf1_dashboard_option,showOrder,"['INT(10)', 'NOT NULL', 'UNIQUE']",True
wcf1_edit_history_entry,entryID,"['INT(10)', 'NOT NULL', 'AUTO_INCREMENT']",True
wcf1_edit_history_entry,objectTypeID,"['INT(10)', 'NOT NULL']",True
wcf1_edit_history_entry,objectID,"['INT(10)', 'NOT NULL']",True
wcf1_edit_history_entry,userID,['INT(10)'],True
wcf1_edit_history_entry,username,"['VARCHAR(255)', 'NOT NULL', 'DEFAULT', ""''"", 'time', 'INT(10)', 'NOT NULL', 'DEFAULT', '0']",True
wcf1_edit_history_entry,obsoletedAt,"['-- time the version was created, displayed to the user\n\t', 'INT(10)', 'NOT NULL', 'DEFAULT', '0']",True
wcf1_edit_history_entry,obsoletedByUserID,"['-- time the version was inserted into the edit history, used for clean up\n\t', 'INT(10)']",True
wcf1_edit_history_entry,message,['MEDIUMTEXT'],False
wcf1_edit_history_entry,editReason,"['KEY', '(obsoletedAt, obsoletedByUserID)']",False
wcf1_event_listener,listenerID,"['INT(10)', 'NOT NULL', 'AUTO_INCREMENT']",True
wcf1_event_listener,packageID,"['INT(10)', 'NOT NULL']",True
wcf1_event_listener,environment,"[""ENUM('user', 'admin')"", 'NOT NULL', 'DEFAULT', ""'user'""]",True
wcf1_event_listener,eventClassName,"['VARCHAR(80)', 'NOT NULL', 'DEFAULT', ""''""]",False
wcf1_event_listener,eventName,"['VARCHAR(50)', 'NOT NULL', 'DEFAULT', ""''""]",False
wcf1_event_listener,listenerClassName,"['VARCHAR(200)', 'NOT NULL', 'DEFAULT', ""''"", 'inherit', 'TINYINT(1)', 'NOT NULL', 'DEFAULT', '0']",True
wcf1_event_listener,niceValue,"['TINYINT(3)', 'NOT NULL', 'DEFAULT', '0', 'UNIQUE']",True
wcf1_import_mapping,importHash,"['CHAR(8)', 'NOT NULL']",False
wcf1_import_mapping,objectTypeID,"['INT(10)', 'NOT NULL']",True
wcf1_import_mapping,oldID,"['VARCHAR(255)', 'NOT NULL']",False
wcf1_import_mapping,newID,"['INT(10)', 'NOT NULL', 'UNIQUE']",True
wcf1_label,labelID,"['INT(10)', 'NOT NULL', 'AUTO_INCREMENT']",True
wcf1_label,groupID,"['INT(10)', 'NOT NULL']",True
wcf1_label,label,"['VARCHAR(80)', 'NOT NULL']",False
wcf1_label,cssClassName,"['VARCHAR(255)', 'NOT NULL', 'DEFAULT', ""''""]",False
wcf1_label_group,groupID,"['INT(10)', 'NOT NULL', 'AUTO_INCREMENT']",True
wcf1_label_group,groupName,"['VARCHAR(80)', 'NOT NULL']",False
wcf1_label_group,groupDescription,"['VARCHAR(255)', 'NOT NULL', 'DEFAULT', ""''""]",False
wcf1_label_group,forceSelection,"['TINYINT(1)', 'NOT NULL', 'DEFAULT', '0']",True
wcf1_label_group,showOrder,"['INT(10)', 'NOT NULL', 'DEFAULT', '0']",True
wcf1_label_group_to_object,groupID,"['INT(10)', 'NOT NULL']",True
wcf1_label_group_to_object,objectTypeID,"['INT(10)', 'NOT NULL']",True
wcf1_label_group_to_object,objectID,"['INT(10)', 'NULL']",True
wcf1_label_object,labelID,"['INT(10)', 'NOT NULL']",True
wcf1_label_object,objectTypeID,"['INT(10)', 'NOT NULL']",True
wcf1_label_object,objectID,"['KEY', '(objectTypeID, objectID)']",False
wcf1_language,languageID,"['INT(10)', 'NOT NULL', 'AUTO_INCREMENT']",True
wcf1_language,languageCode,"['VARCHAR(20)', 'NOT NULL', 'DEFAULT', ""''""]",False
wcf1_language,languageName,"['VARCHAR(255)', 'NOT NULL', 'DEFAULT', ""''""]",False
wcf1_language,countryCode,"['VARCHAR(10)', 'NOT NULL', 'DEFAULT', ""''""]",False
wcf1_language,isDefault,"['TINYINT(1)', 'NOT NULL', 'DEFAULT', '0']",True
wcf1_language,hasContent,"['TINYINT(1)', 'NOT NULL', 'DEFAULT', '0', 'UNIQUE']",True
wcf1_language_category,languageCategoryID,"['INT(10)', 'NOT NULL', 'AUTO_INCREMENT']",True
wcf1_language_category,languageCategory,"['VARCHAR(255)', 'NOT NULL', 'DEFAULT', ""''"", 'UNIQUE']",False
wcf1_language_item,languageItemID,"['INT(10)', 'NOT NULL', 'AUTO_INCREMENT']",True
wcf1_language_item,languageID,"['INT(10)', 'NOT NULL']",True
wcf1_language_item,languageItem,"['VARCHAR(255)', 'NOT NULL', 'DEFAULT', ""''""]",False
wcf1_language_item,languageItemValue,"['MEDIUMTEXT', 'NOT NULL']",False
wcf1_language_item,languageCustomItemValue,['MEDIUMTEXT'],False
wcf1_language_item,languageUseCustomValue,"['TINYINT(1)', 'NOT NULL', 'DEFAULT', '0']",True
wcf1_language_item,languageItemOriginIsSystem,"['TINYINT(1)', 'NOT NULL', 'DEFAULT', '1']",True
wcf1_language_item,languageCategoryID,"['INT(10)', 'NOT NULL']",True
wcf1_language_item,packageID,"['INT(10)', 'UNIQUE']",True
wcf1_language_server,languageServerID,"['INT(10)', 'NOT NULL', 'AUTO_INCREMENT']",True
wcf1_language_server,serverURL,"['VARCHAR(255)', 'NOT NULL', 'DEFAULT', ""''""]",False
wcf1_language_server,isDisabled,"['TINYINT(1)', 'NOT NULL', 'DEFAULT', '0']",True
wcf1_like,likeID,"['INT(10)', 'NOT NULL', 'AUTO_INCREMENT']",True
wcf1_like,objectID,"['INT(10)', 'NOT NULL', 'DEFAULT', '0']",True
wcf1_like,objectTypeID,"['INT(10)', 'NOT NULL']",True
wcf1_like,objectUserID,['INT(10)'],True
wcf1_like,userID,"['INT(10)', 'NOT NULL', 'time', 'INT(10)', 'NOT NULL', 'DEFAULT', '1']",True
wcf1_like,likeValue,"['TINYINT(1)', 'NOT NULL', 'DEFAULT', '1', 'UNIQUE']",True
wcf1_like_object,likeObjectID,"['INT(10)', 'NOT NULL', 'AUTO_INCREMENT']",True
wcf1_like_object,objectTypeID,"['INT(10)', 'NOT NULL']",True
wcf1_like_object,objectID,"['INT(10)', 'NOT NULL', 'DEFAULT', '0']",True
wcf1_like_object,objectUserID,['INT(10)'],True
wcf1_like_object,likes,"['MEDIUMINT(7)', 'NOT NULL', 'DEFAULT', '0']",True
wcf1_like_object,dislikes,"['MEDIUMINT(7)', 'NOT NULL', 'DEFAULT', '0']",True
wcf1_like_object,cumulativeLikes,"['MEDIUMINT(7)', 'NOT NULL', 'DEFAULT', '0']",True
wcf1_like_object,cachedUsers,['UNIQUE'],False
wcf1_message_embedded_object,messageObjectTypeID,"['INT(10)', 'NOT NULL']",True
wcf1_message_embedded_object,messageID,"['INT(10)', 'NOT NULL']",True
wcf1_message_embedded_object,embeddedObjectTypeID,"['INT(10)', 'NOT NULL']",True
wcf1_message_embedded_object,embeddedObjectID,"['INT(10)', 'NOT NULL']",True
wcf1_moderation_queue,queueID,"['INT(10)', 'NOT NULL', 'AUTO_INCREMENT']",True
wcf1_moderation_queue,objectTypeID,"['INT(10)', 'NOT NULL']",True
wcf1_moderation_queue,objectID,"['INT(10)', 'NOT NULL']",True
wcf1_moderation_queue,containerID,"['INT(10)', 'NOT NULL', 'DEFAULT', '0']",True
wcf1_moderation_queue,userID,"['INT(10)', 'NULL', 'time', 'INT(10)', 'NOT NULL', 'DEFAULT', '0']",True
wcf1_moderation_queue,assignedUserID,"['-- internal\n\t', 'INT(10)', 'NULL']",True
wcf1_moderation_queue,status,"['TINYINT(1)', 'NOT NULL', 'DEFAULT', '0']",True
wcf1_moderation_queue,comments,"['SMALLINT(5)', 'NOT NULL', 'DEFAULT', '0']",True
wcf1_moderation_queue,lastChangeTime,"['INT(10)', 'NOT NULL', 'DEFAULT', '0']",True
wcf1_moderation_queue,additionalData,"['-- additional data, e.g. message if reporting content\n\t', 'TEXT']",False
wcf1_moderation_queue_to_user,queueID,"['INT(10)', 'NOT NULL']",True
wcf1_moderation_queue_to_user,userID,"['INT(10)', 'NOT NULL']",True
wcf1_moderation_queue_to_user,isAffected,"['TINYINT(1)', 'NOT NULL', 'DEFAULT', '0', 'UNIQUE']",True
wcf1_modification_log,logID,"['INT(10)', 'NOT NULL', 'AUTO_INCREMENT']",True
wcf1_modification_log,objectTypeID,"['INT(10)', 'NOT NULL']",True
wcf1_modification_log,objectID,"['INT(10)', 'NOT NULL']",True
wcf1_modification_log,userID,['INT(10)'],True
wcf1_modification_log,username,"['VARCHAR(255)', 'NOT NULL', 'DEFAULT', ""''"", 'time', 'INT(10)', 'NOT NULL', 'DEFAULT', '0']",True
wcf1_modification_log,action,"['VARCHAR(80)', 'NOT NULL']",False
wcf1_modification_log,additionalData,['MEDIUMTEXT'],False
wcf1_notice,noticeID,"['INT(10)', 'NOT NULL', 'AUTO_INCREMENT']",True
wcf1_notice,noticeName,"['VARCHAR(255)', 'NOT NULL', 'notice']",False
wcf1_notice,MEDIUMTEXT,[],False
wcf1_notice,noticeUseHtml,"['TINYINT(1)', 'NOT NULL', 'DEFAULT', '0']",True
wcf1_notice,cssClassName,"['VARCHAR(255)', 'NOT NULL', 'DEFAULT', ""'info'""]",False
wcf1_notice,showOrder,"['INT(10)', 'NOT NULL', 'DEFAULT', '0']",True
wcf1_notice,isDisabled,"['TINYINT(1)', 'NOT NULL', 'DEFAULT', '0']",True
wcf1_notice,isDismissible,"['TINYINT(1)', 'NOT NULL', 'DEFAULT', '0']",True
wcf1_notice_dismissed,noticeID,"['INT(10)', 'NOT NULL']",True
wcf1_notice_dismissed,userID,"['INT(10)', 'NOT NULL']",True
wcf1_object_type,objectTypeID,"['INT(10)', 'NOT NULL', 'AUTO_INCREMENT']",True
wcf1_object_type,definitionID,"['INT(10)', 'NOT NULL']",True
wcf1_object_type,packageID,"['INT(10)', 'NOT NULL']",True
wcf1_object_type,objectType,"['VARCHAR(255)', 'NOT NULL']",False
wcf1_object_type,className,"['VARCHAR(255)', 'NOT NULL', 'DEFAULT', ""''""]",False
wcf1_object_type,additionalData,"['MEDIUMTEXT', 'UNIQUE']",False
wcf1_object_type_definition,definitionID,"['INT(10)', 'NOT NULL', 'AUTO_INCREMENT']",True
wcf1_object_type_definition,definitionName,"['VARCHAR(255)', 'NOT NULL']",False
wcf1_object_type_definition,packageID,"['INT(10)', 'NOT NULL']",True
wcf1_object_type_definition,interfaceName,"['VARCHAR(255)', 'NOT NULL', 'DEFAULT', ""''""]",False
wcf1_object_type_definition,categoryName,"['VARCHAR(80)', 'NOT NULL', 'DEFAULT', ""''"", 'UNIQUE']",False
wcf1_option,optionID,"['INT(10)', 'NOT NULL', 'AUTO_INCREMENT']",True
wcf1_option,packageID,"['INT(10)', 'NOT NULL']",True
wcf1_option,optionName,"['VARCHAR(255)', 'NOT NULL', 'DEFAULT', ""''""]",False
wcf1_option,categoryName,"['VARCHAR(255)', 'NOT NULL', 'DEFAULT', ""''""]",False
wcf1_option,optionType,"['VARCHAR(255)', 'NOT NULL', 'DEFAULT', ""''""]",False
wcf1_option,optionValue,['MEDIUMTEXT'],False
wcf1_option,validationPattern,[],False
wcf1_option,selectOptions,['MEDIUMTEXT'],False
wcf1_option,enableOptions,['MEDIUMTEXT'],False
wcf1_option,showOrder,"['INT(10)', 'NOT NULL', 'DEFAULT', '0']",True
wcf1_option,hidden,"['TINYINT(1)', 'NOT NULL', 'DEFAULT', '0']",True
wcf1_option,permissions,"['options', 'TEXT']",False
wcf1_option,supportI18n,"['TINYINT(1)', 'NOT NULL', 'DEFAULT', '0']",True
wcf1_option,requireI18n,"['TINYINT(1)', 'NOT NULL', 'DEFAULT', '0']",True
wcf1_option,additionalData,"['MEDIUMTEXT', 'UNIQUE']",False
wcf1_option_category,categoryID,"['INT(10)', 'NOT NULL', 'AUTO_INCREMENT']",True
wcf1_option_category,packageID,"['INT(10)', 'NOT NULL']",True
wcf1_option_category,categoryName,"['VARCHAR(255)', 'NOT NULL', 'DEFAULT', ""''""]",False
wcf1_option_category,parentCategoryName,"['VARCHAR(255)', 'NOT NULL', 'DEFAULT', ""''""]",False
wcf1_option_category,showOrder,"['INT(10)', 'NOT NULL', 'DEFAULT', '0']",True
wcf1_option_category,permissions,['UNIQUE'],False
wcf1_package,packageID,"['INT(10)', 'NOT NULL', 'AUTO_INCREMENT']",True
wcf1_package,packageDir,"['VARCHAR(255)', 'NOT NULL', 'DEFAULT', ""''""]",False
wcf1_package,packageName,"['VARCHAR(255)', 'NOT NULL', 'DEFAULT', ""''""]",False
wcf1_package,packageDescription,"['VARCHAR(255)', 'NOT NULL', 'DEFAULT', ""''""]",False
wcf1_package,packageVersion,"['VARCHAR(255)', 'NOT NULL', 'DEFAULT', ""''""]",False
wcf1_package,packageDate,"['INT(10)', 'NOT NULL', 'DEFAULT', '0']",True
wcf1_package,installDate,"['INT(10)', 'NOT NULL', 'DEFAULT', '0']",True
wcf1_package,updateDate,"['INT(10)', 'NOT NULL', 'DEFAULT', '0']",True
wcf1_package,packageURL,"['VARCHAR(255)', 'NOT NULL', 'DEFAULT', ""''""]",False
wcf1_package,isApplication,"['TINYINT(1)', 'NOT NULL', 'DEFAULT', '0']",True
wcf1_package,author,"['VARCHAR(255)', 'NOT NULL', 'DEFAULT', ""''""]",False
wcf1_package,authorURL,"['VARCHAR(255)', 'NOT NULL', 'DEFAULT', ""''""]",False
wcf1_package_exclusion,packageID,"['INT(10)', 'NOT NULL']",True
wcf1_package_exclusion,excludedPackage,"['VARCHAR(255)', 'NOT NULL', 'DEFAULT', ""''""]",False
wcf1_package_exclusion,excludedPackageVersion,"['VARCHAR(255)', 'NOT NULL', 'DEFAULT', ""''"", 'UNIQUE']",False
wcf1_package_installation_file_log,packageID,['INT(10)'],True
wcf1_package_installation_file_log,filename,"['VARCHAR(255)', 'NOT NULL']",False
wcf1_package_installation_file_log,application,"['VARCHAR(20)', 'NOT NULL', 'UNIQUE']",False
wcf1_package_installation_form,queueID,"['INT(10)', 'NOT NULL']",True
wcf1_package_installation_form,formName,"['VARCHAR(80)', 'NOT NULL', 'DEFAULT', ""''""]",False
wcf1_package_installation_form,document,"['TEXT', 'NOT NULL', 'UNIQUE']",False
wcf1_package_installation_node,queueID,"['INT(10)', 'NOT NULL']",True
wcf1_package_installation_node,processNo,"['INT(10)', 'NOT NULL', 'DEFAULT', '0']",True
wcf1_package_installation_node,sequenceNo,"['SMALLINT(4)', 'NOT NULL', 'DEFAULT', '0']",True
wcf1_package_installation_node,node,"['CHAR(8)', 'NOT NULL', 'DEFAULT', ""''""]",False
wcf1_package_installation_node,parentNode,"['CHAR(8)', 'NOT NULL', 'DEFAULT', ""''""]",False
wcf1_package_installation_node,nodeType,"[""ENUM('optionalPackages','package', 'pip')"", 'NOT NULL', 'DEFAULT', ""'package'""]",True
wcf1_package_installation_node,nodeData,"['TEXT', 'NOT NULL']",False
wcf1_package_installation_node,done,"['TINYINT(1)', 'NOT NULL', 'DEFAULT', '0']",True
wcf1_package_installation_plugin,pluginName,"['VARCHAR(255)', 'NOT NULL']",False
wcf1_package_installation_plugin,packageID,['INT(10)'],True
wcf1_package_installation_plugin,priority,"['TINYINT(1)', 'NOT NULL', 'DEFAULT', '0']",True
wcf1_package_installation_plugin,className,"['VARCHAR(255)', 'NOT NULL']",False
wcf1_package_installation_queue,queueID,"['INT(10)', 'NOT NULL', 'AUTO_INCREMENT']",True
wcf1_package_installation_queue,parentQueueID,"['INT(10)', 'NOT NULL', 'DEFAULT', '0']",True
wcf1_package_installation_queue,processNo,"['INT(10)', 'NOT NULL', 'DEFAULT', '0']",True
wcf1_package_installation_queue,userID,"['INT(10)', 'NOT NULL', 'package', 'VARCHAR(255)', 'NOT NULL', 'DEFAULT', ""''""]",True
wcf1_package_installation_queue,packageName,"['VARCHAR(255)', 'NOT NULL', 'DEFAULT', ""''""]",False
wcf1_package_installation_queue,packageID,"['INT(10)', 'archive', 'VARCHAR(255)', 'NOT NULL', 'DEFAULT', ""''""]",True
wcf1_package_installation_queue,action,"[""ENUM('install', 'update', 'uninstall')"", 'NOT NULL', 'DEFAULT', ""'install'""]",True
wcf1_package_installation_queue,done,"['TINYINT(1)', 'NOT NULL', 'DEFAULT', '0']",True
wcf1_package_installation_queue,isApplication,"['TINYINT(1)', 'NOT NULL', 'DEFAULT', '0']",True
wcf1_package_installation_sql_log,packageID,['INT(10)'],True
wcf1_package_installation_sql_log,sqlTable,"['VARCHAR(100)', 'NOT NULL', 'DEFAULT', ""''""]",False
wcf1_package_installation_sql_log,sqlColumn,"['VARCHAR(100)', 'NOT NULL', 'DEFAULT', ""''""]",False
wcf1_package_installation_sql_log,sqlIndex,"['VARCHAR(100)', 'NOT NULL', 'DEFAULT', ""''"", 'UNIQUE']",False
wcf1_package_requirement,packageID,"['INT(10)', 'NOT NULL']",True
wcf1_package_requirement,requirement,"['INT(10)', 'NOT NULL', 'UNIQUE']",True
wcf1_package_update,packageUpdateID,"['INT(10)', 'NOT NULL', 'AUTO_INCREMENT']",True
wcf1_package_update,packageUpdateServerID,"['INT(10)', 'NOT NULL', 'package', 'VARCHAR(255)', 'NOT NULL', 'DEFAULT', ""''""]",True
wcf1_package_update,packageName,"['VARCHAR(255)', 'NOT NULL', 'DEFAULT', ""''""]",False
wcf1_package_update,packageDescription,"['VARCHAR(255)', 'NOT NULL', 'DEFAULT', ""''""]",False
wcf1_package_update,author,"['VARCHAR(255)', 'NOT NULL', 'DEFAULT', ""''""]",False
wcf1_package_update,authorURL,"['VARCHAR(255)', 'NOT NULL', 'DEFAULT', ""''""]",False
wcf1_package_update,isApplication,"['TINYINT(1)', 'NOT NULL', 'DEFAULT', '0', 'UNIQUE']",True
wcf1_package_update_exclusion,packageUpdateVersionID,"['INT(10)', 'NOT NULL']",True
wcf1_package_update_exclusion,excludedPackage,"['VARCHAR(255)', 'NOT NULL', 'DEFAULT', ""''""]",False
wcf1_package_update_exclusion,excludedPackageVersion,"['VARCHAR(255)', 'NOT NULL', 'DEFAULT', ""''"", 'UNIQUE']",False
wcf1_package_update_fromversion,packageUpdateVersionID,"['INT(10)', 'NOT NULL', 'DEFAULT', '0']",True
wcf1_package_update_fromversion,fromversion,"['VARCHAR(50)', 'NOT NULL', 'DEFAULT', ""''"", 'UNIQUE']",False
wcf1_package_update_optional,packageUpdateVersionID,"['INT(10)', 'NOT NULL', 'DEFAULT', '0', 'package', 'VARCHAR(255)', 'NOT NULL', 'DEFAULT', ""''""]",True
wcf1_package_update_requirement,packageUpdateVersionID,"['INT(10)', 'NOT NULL', 'package', 'VARCHAR(255)', 'NOT NULL', 'DEFAULT', ""''""]",True
wcf1_package_update_requirement,minversion,"['VARCHAR(50)', 'NOT NULL', 'DEFAULT', ""''"", 'UNIQUE']",False
wcf1_package_update_server,packageUpdateServerID,"['INT(10)', 'NOT NULL', 'AUTO_INCREMENT']",True
wcf1_package_update_server,serverURL,"['VARCHAR(255)', 'NOT NULL', 'DEFAULT', ""''""]",False
wcf1_package_update_server,loginUsername,"['VARCHAR(255)', 'NOT NULL', 'DEFAULT', ""''""]",False
wcf1_package_update_server,loginPassword,"['VARCHAR(255)', 'NOT NULL', 'DEFAULT', ""''""]",False
wcf1_package_update_server,isDisabled,"['TINYINT(1)', 'NOT NULL', 'DEFAULT', '0']",True
wcf1_package_update_server,lastUpdateTime,"['INT(10)', 'NOT NULL', 'DEFAULT', '0']",True
wcf1_package_update_server,status,"[""ENUM('online', 'offline')"", 'NOT NULL', 'DEFAULT', ""'online'""]",True
wcf1_package_update_server,errorMessage,['TEXT'],False
wcf1_package_update_server,apiVersion,"[""ENUM('2.0', '2.1')"", 'NOT NULL', 'DEFAULT', ""'2.0'""]",True
wcf1_package_update_server,metaData,['TEXT'],False
wcf1_package_update_version,packageUpdateVersionID,"['INT(10)', 'NOT NULL', 'AUTO_INCREMENT']",True
wcf1_package_update_version,packageUpdateID,"['INT(10)', 'NOT NULL']",True
wcf1_package_update_version,packageVersion,"['VARCHAR(50)', 'NOT NULL', 'DEFAULT', ""''""]",False
wcf1_package_update_version,packageDate,"['INT(10)', 'NOT NULL', 'DEFAULT', '0']",True
wcf1_package_update_version,filename,"['VARCHAR(255)', 'NOT NULL', 'DEFAULT', ""''""]",False
wcf1_package_update_version,license,"['VARCHAR(255)', 'NOT NULL', 'DEFAULT', ""''""]",False
wcf1_package_update_version,licenseURL,"['VARCHAR(255)', 'NOT NULL', 'DEFAULT', ""''""]",False
wcf1_package_update_version,isAccessible,"['TINYINT(1)', 'NOT NULL', 'DEFAULT', '1']",True
wcf1_package_update_version,isCritical,"['TINYINT(1)', 'NOT NULL', 'DEFAULT', '0', 'UNIQUE']",True
wcf1_page_menu_item,menuItemID,"['INT(10)', 'NOT NULL', 'AUTO_INCREMENT']",True
wcf1_page_menu_item,packageID,"['INT(10)', 'NOT NULL']",True
wcf1_page_menu_item,menuItem,"['VARCHAR(255)', 'NOT NULL', 'DEFAULT', ""''""]",False
wcf1_page_menu_item,parentMenuItem,"['VARCHAR(255)', 'NOT NULL', 'DEFAULT', ""''""]",False
wcf1_page_menu_item,menuItemController,"['VARCHAR(255)', 'NOT NULL', 'DEFAULT', ""''""]",False
wcf1_page_menu_item,menuItemLink,"['VARCHAR(255)', 'NOT NULL', 'DEFAULT', ""''""]",False
wcf1_page_menu_item,menuPosition,"[""ENUM('header', 'footer')"", 'NOT NULL', 'DEFAULT', ""'header'""]",True
wcf1_page_menu_item,showOrder,"['INT(10)', 'NOT NULL', 'DEFAULT', '0']",True
wcf1_page_menu_item,permissions,"['TEXT', 'NULL', 'options', 'TEXT', 'NULL']",False
wcf1_page_menu_item,isDisabled,"['TINYINT(1)', 'NOT NULL', 'DEFAULT', '0']",True
wcf1_page_menu_item,className,"['VARCHAR(255)', 'NOT NULL', 'DEFAULT', ""''""]",False
wcf1_page_menu_item,isLandingPage,"['TINYINT(1)', 'NOT NULL', 'DEFAULT', '0']",True
wcf1_page_menu_item,originIsSystem,"['TINYINT(1)', 'NOT NULL', 'DEFAULT', '0', 'UNIQUE']",True
wcf1_paid_subscription,subscriptionID,"['INT(10)', 'NOT NULL', 'AUTO_INCREMENT']",True
wcf1_paid_subscription,title,"['VARCHAR(255)', 'NOT NULL', 'DEFAULT', ""''""]",False
wcf1_paid_subscription,description,['TEXT'],False
wcf1_paid_subscription,isDisabled,"['TINYINT(1)', 'NOT NULL', 'DEFAULT', '0']",True
wcf1_paid_subscription,showOrder,"['INT(10)', 'NOT NULL', 'DEFAULT', '0']",True
wcf1_paid_subscription,cost,"['DECIMAL(10,2)', 'NOT NULL', 'DEFAULT', '0']",True
wcf1_paid_subscription,currency,"['VARCHAR(3)', 'NOT NULL', 'DEFAULT', ""'EUR'""]",False
wcf1_paid_subscription,subscriptionLength,"['SMALLINT(3)', 'NOT NULL', 'DEFAULT', '0']",True
wcf1_paid_subscription,subscriptionLengthUnit,"[""ENUM('', 'D', 'M', 'Y')"", 'NOT NULL', 'DEFAULT', ""''""]",True
wcf1_paid_subscription,isRecurring,"['TINYINT(1)', 'NOT NULL', 'DEFAULT', '0']",True
wcf1_paid_subscription,groupIDs,['TEXT'],False
wcf1_paid_subscription,excludedSubscriptionIDs,['TEXT'],False
wcf1_paid_subscription_user,subscriptionUserID,"['INT(10)', 'NOT NULL', 'AUTO_INCREMENT']",True
wcf1_paid_subscription_user,subscriptionID,"['INT(10)', 'NOT NULL']",True
wcf1_paid_subscription_user,userID,"['INT(10)', 'NOT NULL']",True
wcf1_paid_subscription_user,startDate,"['INT(10)', 'NOT NULL', 'DEFAULT', '0']",True
wcf1_paid_subscription_user,endDate,"['INT(10)', 'NOT NULL', 'DEFAULT', '0']",True
wcf1_paid_subscription_user,isActive,"['KEY', '(isActive)']",False
wcf1_paid_subscription_transaction_log,logID,"['INT(10)', 'NOT NULL', 'AUTO_INCREMENT']",True
wcf1_paid_subscription_transaction_log,subscriptionUserID,['INT(10)'],True
wcf1_paid_subscription_transaction_log,userID,['INT(10)'],True
wcf1_paid_subscription_transaction_log,subscriptionID,['INT(10)'],True
wcf1_paid_subscription_transaction_log,paymentMethodObjectTypeID,"['INT(10)', 'NOT NULL']",True
wcf1_paid_subscription_transaction_log,logTime,"['INT(10)', 'NOT NULL', 'DEFAULT', '0']",True
wcf1_paid_subscription_transaction_log,transactionID,"['VARCHAR(255)', 'NOT NULL', 'DEFAULT', ""''""]",False
wcf1_paid_subscription_transaction_log,transactionDetails,['MEDIUMTEXT'],False
wcf1_paid_subscription_transaction_log,logMessage,"['VARCHAR(255)', 'NOT NULL', 'DEFAULT', ""''""]",False
wcf1_poll,pollID,"['INT(10)', 'NOT NULL', 'AUTO_INCREMENT']",True
wcf1_poll,objectTypeID,"['INT(10)', 'NOT NULL']",True
wcf1_poll,objectID,"['INT(10)', 'NOT NULL', 'DEFAULT', '0']",True
wcf1_poll,question,"['VARCHAR(255)', 'DEFAULT', ""''"", 'time', 'INT(10)', 'NOT NULL', 'DEFAULT', '0']",True
wcf1_poll,endTime,"['INT(10)', 'NOT NULL', 'DEFAULT', '0']",True
wcf1_poll,isChangeable,"['TINYINT(1)', 'NOT NULL', 'DEFAULT', '0']",True
wcf1_poll,isPublic,"['TINYINT(1)', 'NOT NULL', 'DEFAULT', '0']",True
wcf1_poll,sortByVotes,"['TINYINT(1)', 'NOT NULL', 'DEFAULT', '0']",True
wcf1_poll,resultsRequireVote,"['TINYINT(1)', 'NOT NULL', 'DEFAULT', '0']",True
wcf1_poll,maxVotes,"['INT(10)', 'NOT NULL', 'DEFAULT', '1']",True
wcf1_poll,votes,"['INT(10)', 'NOT NULL', 'DEFAULT', '0']",True
wcf1_poll_option,optionID,"['INT(10)', 'NOT NULL', 'AUTO_INCREMENT']",True
wcf1_poll_option,pollID,"['INT(10)', 'NOT NULL']",True
wcf1_poll_option,optionValue,"['VARCHAR(255)', 'NOT NULL', 'DEFAULT', ""''""]",False
wcf1_poll_option,votes,"['INT(10)', 'NOT NULL', 'DEFAULT', '0']",True
wcf1_poll_option,showOrder,"['INT(10)', 'NOT NULL', 'DEFAULT', '0']",True
wcf1_poll_option_vote,pollID,"['INT(10)', 'NOT NULL']",True
wcf1_poll_option_vote,optionID,"['INT(10)', 'NOT NULL']",True
wcf1_poll_option_vote,userID,['UNIQUE'],False
wcf1_search,searchID,"['INT(10)', 'NOT NULL', 'AUTO_INCREMENT']",True
wcf1_search,userID,['INT(10)'],True
wcf1_search,searchData,"['MEDIUMTEXT', 'NOT NULL']",False
wcf1_search,searchTime,"['INT(10)', 'NOT NULL', 'DEFAULT', '0']",True
wcf1_search,searchType,"['VARCHAR(255)', 'NOT NULL', 'DEFAULT', ""''""]",False
wcf1_search,searchHash,"['CHAR(40)', 'NOT NULL', 'DEFAULT', ""''""]",False
wcf1_search_keyword,keywordID,"['INT(10)', 'NOT NULL', 'AUTO_INCREMENT']",True
wcf1_search_keyword,keyword,"['VARCHAR(255)', 'NOT NULL']",False
wcf1_search_keyword,searches,"['INT(10)', 'NOT NULL', 'DEFAULT', '0']",True
wcf1_search_keyword,lastSearchTime,"['KEY', '(searches, lastSearchTime)']",True
wcf1_session,sessionID,"['CHAR(40)', 'NOT NULL']",False
wcf1_session,userID,['INT(10)'],True
wcf1_session,ipAddress,"['VARCHAR(39)', 'NOT NULL', 'DEFAULT', ""''""]",False
wcf1_session,userAgent,"['VARCHAR(255)', 'NOT NULL', 'DEFAULT', ""''""]",False
wcf1_session,lastActivityTime,"['INT(10)', 'NOT NULL', 'DEFAULT', '0']",True
wcf1_session,requestURI,"['VARCHAR(255)', 'NOT NULL', 'DEFAULT', ""''""]",False
wcf1_session,requestMethod,"['VARCHAR(7)', 'NOT NULL', 'DEFAULT', ""''""]",False
wcf1_session,controller,"['VARCHAR(255)', 'NOT NULL', 'DEFAULT', ""''""]",False
wcf1_session,parentObjectType,"['VARCHAR(255)', 'NOT NULL', 'DEFAULT', ""''""]",False
wcf1_session,parentObjectID,"['INT(10)', 'NOT NULL', 'DEFAULT', '0']",True
wcf1_session,objectType,"['VARCHAR(255)', 'NOT NULL', 'DEFAULT', ""''""]",False
wcf1_session,objectID,"['INT(10)', 'NOT NULL', 'DEFAULT', '0']",True
wcf1_session,sessionVariables,['MEDIUMTEXT'],False
wcf1_session,spiderID,['INT(10)'],True
wcf1_session_virtual,virtualSessionID,"['INT(10)', 'NOT NULL', 'AUTO_INCREMENT']",True
wcf1_session_virtual,sessionID,"['CHAR(40)', 'NOT NULL']",False
wcf1_session_virtual,ipAddress,"['VARCHAR(39)', 'NOT NULL', 'DEFAULT', ""''""]",False
wcf1_session_virtual,userAgent,"['VARCHAR(255)', 'NOT NULL', 'DEFAULT', ""''""]",False
wcf1_session_virtual,lastActivityTime,"['INT(10)', 'NOT NULL', 'DEFAULT', '0', 'UNIQUE']",True
wcf1_sitemap,sitemapID,"['INT(10)', 'NOT NULL', 'AUTO_INCREMENT']",True
wcf1_sitemap,packageID,"['INT(10)', 'NOT NULL']",True
wcf1_sitemap,sitemapName,"['VARCHAR(80)', 'NOT NULL', 'DEFAULT', ""''""]",False
wcf1_sitemap,className,"['VARCHAR(255)', 'NOT NULL', 'DEFAULT', ""''""]",False
wcf1_sitemap,showOrder,"['INT(10)', 'NOT NULL', 'DEFAULT', '0']",True
wcf1_sitemap,permissions,"['TEXT', 'NULL', 'options', 'TEXT', 'NULL', 'UNIQUE']",False
wcf1_smiley,smileyID,"['INT(10)', 'NOT NULL', 'AUTO_INCREMENT']",True
wcf1_smiley,packageID,"['INT(10)', 'NOT NULL']",True
wcf1_smiley,categoryID,['INT(10)'],True
wcf1_smiley,smileyPath,"['VARCHAR(255)', 'NOT NULL', 'DEFAULT', ""''""]",False
wcf1_smiley,smileyTitle,"['VARCHAR(255)', 'NOT NULL', 'DEFAULT', ""''""]",False
wcf1_smiley,smileyCode,"['VARCHAR(255)', 'NOT NULL', 'DEFAULT', ""''""]",False
wcf1_smiley,aliases,"['TEXT', 'NOT NULL']",False
wcf1_smiley,showOrder,"['INT(10)', 'NOT NULL', 'DEFAULT', '0', 'UNIQUE']",True
wcf1_spider,spiderID,"['INT(10)', 'NOT NULL', 'AUTO_INCREMENT']",True
wcf1_spider,spiderIdentifier,"['VARCHAR(255)', 'DEFAULT', ""''""]",False
wcf1_spider,spiderName,"['VARCHAR(255)', 'DEFAULT', ""''""]",False
wcf1_spider,spiderURL,"['VARCHAR(255)', 'DEFAULT', ""''"", 'UNIQUE']",False
wcf1_stat_daily,statID,"['INT(10)', 'NOT NULL', 'AUTO_INCREMENT']",True
wcf1_stat_daily,objectTypeID,"['date', 'DATE', 'NOT NULL']",True
wcf1_stat_daily,counter,"['INT(10)', 'NOT NULL', 'DEFAULT', '0']",True
wcf1_stat_daily,total,"['INT(10)', 'NOT NULL', 'DEFAULT', '0', 'UNIQUE']",True
wcf1_style,styleID,"['INT(10)', 'NOT NULL', 'AUTO_INCREMENT']",True
wcf1_style,packageID,"['INT(10)', 'NOT NULL']",True
wcf1_style,styleName,"['VARCHAR(255)', 'NOT NULL', 'DEFAULT', ""''""]",False
wcf1_style,templateGroupID,"['INT(10)', 'NOT NULL', 'DEFAULT', '0']",True
wcf1_style,isDefault,"['TINYINT(1)', 'NOT NULL', 'DEFAULT', '0']",True
wcf1_style,isDisabled,"['TINYINT(1)', 'NOT NULL', 'DEFAULT', '0']",True
wcf1_style,styleDescription,"['VARCHAR(30)', 'NOT NULL', 'DEFAULT', ""''""]",False
wcf1_style,styleVersion,"['VARCHAR(255)', 'NOT NULL', 'DEFAULT', ""''""]",False
wcf1_style,styleDate,"['CHAR(10)', 'NOT NULL', 'DEFAULT', ""'0000-00-00'""]",False
wcf1_style,image,"['VARCHAR(255)', 'NOT NULL', 'DEFAULT', ""''""]",False
wcf1_style,copyright,"['VARCHAR(255)', 'NOT NULL', 'DEFAULT', ""''""]",False
wcf1_style,license,"['VARCHAR(255)', 'NOT NULL', 'DEFAULT', ""''""]",False
wcf1_style,authorName,"['VARCHAR(255)', 'NOT NULL', 'DEFAULT', ""''""]",False
wcf1_style,authorURL,"['VARCHAR(255)', 'NOT NULL', 'DEFAULT', ""''""]",False
wcf1_style,imagePath,"['VARCHAR(255)', 'NOT NULL', 'DEFAULT', ""''""]",False
wcf1_style_variable,variableID,"['INT(10)', 'NOT NULL', 'AUTO_INCREMENT']",True
wcf1_style_variable,variableName,"['VARCHAR(50)', 'NOT NULL']",False
wcf1_style_variable,defaultValue,"['MEDIUMTEXT', 'UNIQUE']",False
wcf1_style_variable_value,styleID,"['INT(10)', 'NOT NULL']",True
wcf1_style_variable_value,variableID,"['INT(10)', 'NOT NULL']",True
wcf1_style_variable_value,variableValue,"['MEDIUMTEXT', 'UNIQUE']",False
wcf1_tag,tagID,"['INT(10)', 'NOT NULL', 'AUTO_INCREMENT']",True
wcf1_tag,languageID,"['INT(10)', 'NOT NULL', 'DEFAULT', '0']",True
wcf1_tag,name,"['VARCHAR(255)', 'NOT NULL']",False
wcf1_tag,synonymFor,"['INT(10)', 'UNIQUE']",True
wcf1_tag_to_object,objectID,"['INT(10)', 'NOT NULL']",True
wcf1_tag_to_object,tagID,"['INT(10)', 'NOT NULL']",True
wcf1_tag_to_object,objectTypeID,"['INT(10)', 'NOT NULL']",True
wcf1_tag_to_object,languageID,"['KEY', '(tagID, objectTypeID)']",False
wcf1_template,templateID,"['INT(10)', 'NOT NULL', 'AUTO_INCREMENT']",True
wcf1_template,packageID,"['INT(10)', 'NOT NULL']",True
wcf1_template,templateName,"['VARCHAR(255)', 'NOT NULL']",False
wcf1_template,application,"['VARCHAR(20)', 'NOT NULL']",False
wcf1_template,templateGroupID,['INT(10)'],True
wcf1_template,lastModificationTime,"['INT(10)', 'NOT NULL', 'DEFAULT', '0', 'UNIQUE']",True
wcf1_template_group,templateGroupID,"['INT(10)', 'NOT NULL', 'AUTO_INCREMENT']",True
wcf1_template_group,parentTemplateGroupID,['INT(10)'],True
wcf1_template_group,templateGroupName,"['VARCHAR(255)', 'NOT NULL', 'DEFAULT', ""''""]",False
wcf1_template_group,templateGroupFolderName,"['VARCHAR(255)', 'NOT NULL', 'DEFAULT', ""''""]",False
wcf1_template_listener,listenerID,"['INT(10)', 'NOT NULL', 'AUTO_INCREMENT']",True
wcf1_template_listener,packageID,"['INT(10)', 'NOT NULL']",True
wcf1_template_listener,name,"['VARCHAR(80)', 'NOT NULL', 'DEFAULT', ""''""]",False
wcf1_template_listener,environment,"[""ENUM('user','admin')"", 'NOT NULL', 'DEFAULT', ""'user'""]",True
wcf1_template_listener,templateName,"['VARCHAR(80)', 'NOT NULL', 'DEFAULT', ""''""]",False
wcf1_template_listener,eventName,"['VARCHAR(50)', 'NOT NULL', 'DEFAULT', ""''""]",False
wcf1_template_listener,templateCode,"['TEXT', 'NOT NULL']",False
wcf1_template_listener,niceValue,"['TINYINT(3)', 'NOT NULL', 'DEFAULT', '0']",True
wcf1_tracked_visit,objectTypeID,"['INT(10)', 'NOT NULL']",True
wcf1_tracked_visit,objectID,"['INT(10)', 'NOT NULL']",True
wcf1_tracked_visit,userID,"['INT(10)', 'NOT NULL']",True
wcf1_tracked_visit,visitTime,"['KEY', '(userID, visitTime)']",True
wcf1_tracked_visit_type,objectTypeID,"['INT(10)', 'NOT NULL']",True
wcf1_tracked_visit_type,userID,"['INT(10)', 'NOT NULL']",True
wcf1_tracked_visit_type,visitTime,"['KEY', '(userID, visitTime)']",True
wcf1_user,userID,"['INT(10)', 'NOT NULL', 'AUTO_INCREMENT']",True
wcf1_user,username,"['VARCHAR(255)', 'NOT NULL', 'DEFAULT', ""''""]",False
wcf1_user,email,"['VARCHAR(255)', 'NOT NULL', 'DEFAULT', ""''""]",False
wcf1_user,password,"['VARCHAR(100)', 'NOT NULL', 'DEFAULT', ""''""]",False
wcf1_user,accessToken,"['CHAR(40)', 'NOT NULL', 'DEFAULT', ""''""]",False
wcf1_user,languageID,"['INT(10)', 'NOT NULL', 'DEFAULT', '0']",True
wcf1_user,registrationDate,"['INT(10)', 'NOT NULL', 'DEFAULT', '0']",True
wcf1_user,styleID,"['INT(10)', 'NOT NULL', 'DEFAULT', '0']",True
wcf1_user,banned,"['TINYINT(1)', 'NOT NULL', 'DEFAULT', '0']",True
wcf1_user,banReason,"['MEDIUMTEXT', 'NULL']",False
wcf1_user,banExpires,"['INT(10)', 'NOT NULL', 'DEFAULT', '0']",True
wcf1_user,activationCode,"['INT(10)', 'NOT NULL', 'DEFAULT', '0']",True
wcf1_user,lastLostPasswordRequestTime,"['INT(10)', 'NOT NULL', 'DEFAULT', '0']",True
wcf1_user,lostPasswordKey,"['VARCHAR(40)', 'NOT NULL', 'DEFAULT', ""''""]",False
wcf1_user,lastUsernameChange,"['INT(10)', 'NOT NULL', 'DEFAULT', '0']",True
wcf1_user,newEmail,"['VARCHAR(255)', 'NOT NULL', 'DEFAULT', ""''""]",False
wcf1_user,oldUsername,"['VARCHAR(255)', 'NOT NULL', 'DEFAULT', ""''""]",False
wcf1_user,quitStarted,"['INT(10)', 'NOT NULL', 'DEFAULT', '0']",True
wcf1_user,reactivationCode,"['INT(10)', 'NOT NULL', 'DEFAULT', '0']",True
wcf1_user,registrationIpAddress,"['VARCHAR(39)', 'NOT NULL', 'DEFAULT', ""''""]",False
wcf1_user,avatarID,['INT(10)'],True
wcf1_user,disableAvatar,"['TINYINT(1)', 'NOT NULL', 'DEFAULT', '0']",True
wcf1_user,disableAvatarReason,['TEXT'],False
wcf1_user,disableAvatarExpires,"['INT(10)', 'NOT NULL', 'DEFAULT', '0']",True
wcf1_user,enableGravatar,"['TINYINT(1)', 'NOT NULL', 'DEFAULT', '0']",True
wcf1_user,gravatarFileExtension,"['VARCHAR(3)', 'NOT NULL', 'DEFAULT', ""''""]",False
wcf1_user,signature,['TEXT'],False
wcf1_user,signatureEnableBBCodes,"['TINYINT(1)', 'NOT NULL', 'DEFAULT', '1']",True
wcf1_user,signatureEnableHtml,"['TINYINT(1)', 'NOT NULL', 'DEFAULT', '0']",True
wcf1_user,signatureEnableSmilies,"['TINYINT(1)', 'NOT NULL', 'DEFAULT', '1']",True
wcf1_user,disableSignature,"['TINYINT(1)', 'NOT NULL', 'DEFAULT', '0']",True
wcf1_user,disableSignatureReason,['TEXT'],False
wcf1_user,disableSignatureExpires,"['INT(10)', 'NOT NULL', 'DEFAULT', '0']",True
wcf1_user,lastActivityTime,"['INT(10)', 'NOT NULL', 'DEFAULT', '0']",True
wcf1_user,profileHits,"['INT(10)', 'NOT NULL', 'DEFAULT', '0']",True
wcf1_user,rankID,['INT(10)'],True
wcf1_user,userTitle,"['VARCHAR(255)', 'NOT NULL', 'DEFAULT', ""''""]",False
wcf1_user,userOnlineGroupID,['INT(10)'],True
wcf1_user,activityPoints,"['INT(10)', 'NOT NULL', 'DEFAULT', '0']",True
wcf1_user,notificationMailToken,"['VARCHAR(20)', 'NOT NULL', 'DEFAULT', ""''""]",False
wcf1_user,authData,"['VARCHAR(255)', 'NOT NULL', 'DEFAULT', ""''""]",False
wcf1_user,likesReceived,"['MEDIUMINT(7)', 'NOT NULL', 'DEFAULT', '0']",True
wcf1_user,socialNetworkPrivacySettings,"['KEY', 'username (username)', 'KEY', 'email (email)', 'KEY', 'registrationDate (registrationDate)', 'KEY', 'styleID (styleID)', 'KEY', 'activationCode (activationCode)', 'KEY', 'registrationData (registrationIpAddress, registrationDate)', 'KEY', 'activityPoints (activityPoints)', 'KEY', 'likesReceived (likesReceived)', 'KEY', 'authData (authData)']",True
wcf1_user_activity_event,eventID,"['INT(10)', 'NOT NULL', 'AUTO_INCREMENT']",True
wcf1_user_activity_event,objectTypeID,"['INT(10)', 'NOT NULL']",True
wcf1_user_activity_event,objectID,"['INT(10)', 'NOT NULL']",True
wcf1_user_activity_event,languageID,['INT(10)'],True
wcf1_user_activity_event,userID,"['INT(10)', 'NOT NULL', 'time', 'INT(10)', 'NOT NULL']",True
wcf1_user_activity_event,additionalData,"['KEY', '(objectTypeID, objectID)']",False
wcf1_user_activity_point,userID,"['INT(10)', 'NOT NULL']",True
wcf1_user_activity_point,objectTypeID,"['INT(10)', 'NOT NULL']",True
wcf1_user_activity_point,activityPoints,"['INT(10)', 'NOT NULL', 'DEFAULT', '0']",True
wcf1_user_activity_point,items,"['KEY', '(objectTypeID)']",False
wcf1_user_authentication_failure,failureID,"['INT(10)', 'NOT NULL', 'AUTO_INCREMENT']",True
wcf1_user_authentication_failure,environment,"[""ENUM('user', 'admin')"", 'NOT NULL', 'DEFAULT', ""'user'""]",True
wcf1_user_authentication_failure,userID,['INT(10)'],True
wcf1_user_authentication_failure,username,"['VARCHAR(255)', 'NOT NULL', 'DEFAULT', ""''"", 'time', 'INT(10)', 'NOT NULL', 'DEFAULT', '0']",True
wcf1_user_authentication_failure,ipAddress,"['VARCHAR(39)', 'NOT NULL', 'DEFAULT', ""''""]",False
wcf1_user_authentication_failure,userAgent,"['KEY', '(time)']",True
wcf1_user_avatar,avatarID,"['INT(10)', 'NOT NULL', 'AUTO_INCREMENT']",True
wcf1_user_avatar,avatarName,"['VARCHAR(255)', 'NOT NULL', 'DEFAULT', ""''""]",False
wcf1_user_avatar,avatarExtension,"['VARCHAR(7)', 'NOT NULL', 'DEFAULT', ""''""]",False
wcf1_user_avatar,width,"['SMALLINT(5)', 'NOT NULL', 'DEFAULT', '0']",True
wcf1_user_avatar,height,"['SMALLINT(5)', 'NOT NULL', 'DEFAULT', '0']",True
wcf1_user_avatar,userID,['INT(10)'],True
wcf1_user_avatar,fileHash,"['VARCHAR(40)', 'NOT NULL', 'DEFAULT', ""''""]",False
wcf1_user_avatar,cropX,"['SMALLINT(5)', 'NOT NULL', 'DEFAULT', '0']",True
wcf1_user_avatar,cropY,"['SMALLINT(5)', 'NOT NULL', 'DEFAULT', '0']",True
wcf1_user_collapsible_content,objectTypeID,"['INT(10)', 'NOT NULL']",True
wcf1_user_collapsible_content,objectID,"['VARCHAR(255)', 'NOT NULL']",False
wcf1_user_collapsible_content,userID,"['INT(10)', 'NOT NULL', 'UNIQUE']",True
wcf1_user_follow,followID,"['INT(10)', 'NOT NULL', 'AUTO_INCREMENT']",True
wcf1_user_follow,userID,"['INT(10)', 'NOT NULL']",True
wcf1_user_follow,followUserID,"['INT(10)', 'NOT NULL', 'time', 'INT(10)', 'NOT NULL', 'DEFAULT', '0', 'UNIQUE']",True
wcf1_user_group,groupID,"['INT(10)', 'NOT NULL', 'AUTO_INCREMENT']",True
wcf1_user_group,groupName,"['VARCHAR(255)', 'NOT NULL', 'DEFAULT', ""''""]",False
wcf1_user_group,groupDescription,['TEXT'],False
wcf1_user_group,groupType,"['TINYINT(1)', 'NOT NULL', 'DEFAULT', '4']",True
wcf1_user_group,priority,"['MEDIUMINT(8)', 'NOT NULL', 'DEFAULT', '0']",True
wcf1_user_group,userOnlineMarking,"['VARCHAR(255)', 'NOT NULL', 'DEFAULT', ""'%s'""]",False
wcf1_user_group,showOnTeamPage,"['TINYINT(1)', 'NOT NULL', 'DEFAULT', '0']",True
wcf1_user_group_assignment,assignmentID,"['INT(10)', 'NOT NULL', 'AUTO_INCREMENT']",True
wcf1_user_group_assignment,groupID,"['INT(10)', 'NOT NULL']",True
wcf1_user_group_assignment,title,"['VARCHAR(255)', 'NOT NULL']",False
wcf1_user_group_assignment,isDisabled,"['TINYINT(1)', 'NOT NULL', 'DEFAULT', '0']",True
wcf1_user_group_option,optionID,"['INT(10)', 'NOT NULL', 'AUTO_INCREMENT']",True
wcf1_user_group_option,packageID,['INT(10)'],True
wcf1_user_group_option,optionName,"['VARCHAR(255)', 'NOT NULL', 'DEFAULT', ""''""]",False
wcf1_user_group_option,categoryName,"['VARCHAR(255)', 'NOT NULL', 'DEFAULT', ""''""]",False
wcf1_user_group_option,optionType,"['VARCHAR(255)', 'NOT NULL', 'DEFAULT', ""''""]",False
wcf1_user_group_option,defaultValue,['MEDIUMTEXT'],False
wcf1_user_group_option,validationPattern,[],False
wcf1_user_group_option,enableOptions,['MEDIUMTEXT'],False
wcf1_user_group_option,showOrder,"['INT(10)', 'NOT NULL', 'DEFAULT', '0']",True
wcf1_user_group_option,permissions,"['options', 'TEXT']",False
wcf1_user_group_option,usersOnly,"['TINYINT(1)', 'NOT NULL', 'DEFAULT', '0']",True
wcf1_user_group_option,additionalData,"['MEDIUMTEXT', 'UNIQUE']",False
wcf1_user_group_option_category,categoryID,"['INT(10)', 'NOT NULL', 'AUTO_INCREMENT']",True
wcf1_user_group_option_category,packageID,"['INT(10)', 'NOT NULL']",True
wcf1_user_group_option_category,categoryName,"['VARCHAR(255)', 'NOT NULL', 'DEFAULT', ""''""]",False
wcf1_user_group_option_category,parentCategoryName,"['VARCHAR(255)', 'NOT NULL', 'DEFAULT', ""''""]",False
wcf1_user_group_option_category,showOrder,"['INT(10)', 'NOT NULL', 'DEFAULT', '0']",True
wcf1_user_group_option_category,permissions,['UNIQUE'],False
wcf1_user_group_option_value,groupID,"['INT(10)', 'NOT NULL']",True
wcf1_user_group_option_value,optionID,"['INT(10)', 'NOT NULL']",True
wcf1_user_group_option_value,optionValue,"['MEDIUMTEXT', 'NOT NULL', 'UNIQUE']",False
wcf1_user_ignore,ignoreID,"['INT(10)', 'NOT NULL', 'AUTO_INCREMENT']",True
wcf1_user_ignore,userID,"['INT(10)', 'NOT NULL']",True
wcf1_user_ignore,ignoreUserID,"['INT(10)', 'NOT NULL', 'time', 'INT(10)', 'NOT NULL', 'DEFAULT', '0', 'UNIQUE']",True
wcf1_user_menu_item,menuItemID,"['INT(10)', 'NOT NULL', 'AUTO_INCREMENT']",True
wcf1_user_menu_item,packageID,"['INT(10)', 'NOT NULL']",True
wcf1_user_menu_item,menuItem,"['VARCHAR(255)', 'NOT NULL', 'DEFAULT', ""''""]",False
wcf1_user_menu_item,parentMenuItem,"['VARCHAR(255)', 'NOT NULL', 'DEFAULT', ""''""]",False
wcf1_user_menu_item,menuItemController,"['VARCHAR(255)', 'NOT NULL', 'DEFAULT', ""''""]",False
wcf1_user_menu_item,menuItemLink,"['VARCHAR(255)', 'NOT NULL', 'DEFAULT', ""''""]",False
wcf1_user_menu_item,showOrder,"['INT(10)', 'NOT NULL', 'DEFAULT', '0']",True
wcf1_user_menu_item,permissions,"['options', 'TEXT']",False
wcf1_user_menu_item,className,"['VARCHAR(255)', 'NOT NULL', 'DEFAULT', ""''""]",False
wcf1_user_menu_item,iconClassName,"['VARCHAR(255)', 'NOT NULL', 'DEFAULT', ""''"", 'UNIQUE']",False
wcf1_user_notification,notificationID,"['INT(10)', 'NOT NULL', 'AUTO_INCREMENT']",True
wcf1_user_notification,packageID,"['INT(10)', 'NOT NULL']",True
wcf1_user_notification,eventID,"['-- DEPRECATED\n\t', 'INT(10)', 'NOT NULL']",True
wcf1_user_notification,objectID,"['INT(10)', 'NOT NULL', 'DEFAULT', '0']",True
wcf1_user_notification,baseObjectID,"['INT(10)', 'NOT NULL', 'DEFAULT', '0']",True
wcf1_user_notification,eventHash,"['-- base object ID for generic implementations referencing the origin, e.g. the object being liked\n\t', 'VARCHAR(40)', 'NOT NULL', 'DEFAULT', ""''""]",False
wcf1_user_notification,authorID,"['INT(10)', 'NULL']",True
wcf1_user_notification,timesTriggered,"['INT(10)', 'NOT NULL', 'DEFAULT', '0']",True
wcf1_user_notification,guestTimesTriggered,"['INT(10)', 'NOT NULL', 'DEFAULT', '0']",True
wcf1_user_notification,userID,"['INT(10)', 'NOT NULL', 'time', 'INT(10)', 'NOT NULL', 'DEFAULT', '0']",True
wcf1_user_notification,mailNotified,"['TINYINT(1)', 'NOT NULL', 'DEFAULT', '0']",True
wcf1_user_notification,confirmTime,"['INT(10)', 'NOT NULL', 'DEFAULT', '0']",True
wcf1_user_notification,additionalData,"['KEY', '(userID, confirmTime)']",True
wcf1_user_notification_author,notificationID,"['INT(10)', 'NOT NULL']",True
wcf1_user_notification_author,authorID,"['INT(10)', 'time', 'INT(10)', 'NOT NULL', 'DEFAULT', '0', 'UNIQUE']",True
wcf1_user_notification_to_user,notificationID,"['INT(10)', 'NOT NULL']",True
wcf1_user_notification_to_user,userID,"['INT(10)', 'NOT NULL', 'UNIQUE']",True
wcf1_user_notification_event,eventID,"['INT(10)', 'NOT NULL', 'AUTO_INCREMENT']",True
wcf1_user_notification_event,packageID,"['INT(10)', 'NOT NULL']",True
wcf1_user_notification_event,eventName,"['VARCHAR(255)', 'NOT NULL', 'DEFAULT', ""''""]",False
wcf1_user_notification_event,objectTypeID,"['INT(10)', 'NOT NULL']",True
wcf1_user_notification_event,className,"['VARCHAR(255)', 'NOT NULL', 'DEFAULT', ""''""]",False
wcf1_user_notification_event,permissions,"['options', 'TEXT']",False
wcf1_user_notification_event,preset,"['TINYINT(1)', 'NOT NULL', 'DEFAULT', '0']",True
wcf1_user_notification_event,presetMailNotificationType,"[""ENUM('none', 'instant', 'daily')"", 'NOT NULL', 'DEFAULT', ""'none'"", 'UNIQUE']",True
wcf1_user_notification_event_to_user,userID,"['INT(10)', 'NOT NULL']",True
wcf1_user_notification_event_to_user,eventID,"['INT(10)', 'NOT NULL']",True
wcf1_user_notification_event_to_user,mailNotificationType,"[""ENUM('none', 'instant', 'daily')"", 'NOT NULL', 'DEFAULT', ""'none'"", 'UNIQUE']",True
wcf1_user_object_watch,watchID,"['INT(10)', 'NOT NULL', 'AUTO_INCREMENT']",True
wcf1_user_object_watch,objectTypeID,"['INT(10)', 'NOT NULL']",True
wcf1_user_object_watch,objectID,"['INT(10)', 'NOT NULL']",True
wcf1_user_object_watch,userID,"['INT(10)', 'NOT NULL']",True
wcf1_user_object_watch,notification,"['KEY', '(objectTypeID, objectID)']",False
wcf1_user_option,optionID,"['INT(10)', 'NOT NULL', 'AUTO_INCREMENT']",True
wcf1_user_option,packageID,"['INT(10)', 'NOT NULL']",True
wcf1_user_option,optionName,"['VARCHAR(255)', 'NOT NULL', 'DEFAULT', ""''""]",False
wcf1_user_option,categoryName,"['VARCHAR(255)', 'NOT NULL', 'DEFAULT', ""''""]",False
wcf1_user_option,optionType,"['VARCHAR(255)', 'NOT NULL', 'DEFAULT', ""''""]",False
wcf1_user_option,defaultValue,['MEDIUMTEXT'],False
wcf1_user_option,validationPattern,[],False
wcf1_user_option,selectOptions,['MEDIUMTEXT'],False
wcf1_user_option,enableOptions,['MEDIUMTEXT'],False
wcf1_user_option,required,"['TINYINT(1)', 'NOT NULL', 'DEFAULT', '0']",True
wcf1_user_option,askDuringRegistration,"['TINYINT(1)', 'NOT NULL', 'DEFAULT', '0']",True
wcf1_user_option,editable,"['TINYINT(1)', 'NOT NULL', 'DEFAULT', '0']",True
wcf1_user_option,visible,"['TINYINT(1)', 'NOT NULL', 'DEFAULT', '0']",True
wcf1_user_option,outputClass,"['VARCHAR(255)', 'NOT NULL', 'DEFAULT', ""''""]",False
wcf1_user_option,searchable,"['TINYINT(1)', 'NOT NULL', 'DEFAULT', '0']",True
wcf1_user_option,showOrder,"['INT(10)', 'NOT NULL', 'DEFAULT', '0']",True
wcf1_user_option,isDisabled,"['TINYINT(1)', 'NOT NULL', 'DEFAULT', '0']",True
wcf1_user_option,permissions,[],False
wcf1_user_option,additionalData,['MEDIUMTEXT'],False
wcf1_user_option,originIsSystem,"['TINYINT(1)', 'NOT NULL', 'DEFAULT', '0', 'UNIQUE']",True
wcf1_user_option_category,categoryID,"['INT(10)', 'NOT NULL', 'AUTO_INCREMENT']",True
wcf1_user_option_category,packageID,"['INT(10)', 'NOT NULL']",True
wcf1_user_option_category,categoryName,"['VARCHAR(255)', 'NOT NULL', 'DEFAULT', ""''""]",False
wcf1_user_option_category,parentCategoryName,"['VARCHAR(255)', 'NOT NULL', 'DEFAULT', ""''""]",False
wcf1_user_option_category,showOrder,"['INT(10)', 'NOT NULL', 'DEFAULT', '0']",True
wcf1_user_option_category,permissions,['UNIQUE'],False
wcf1_user_option_value,userID,"['INT(10)', 'NOT NULL']",True
wcf1_user_profile_menu_item,menuItemID,"['INT(10)', 'NOT NULL', 'AUTO_INCREMENT']",True
wcf1_user_profile_menu_item,packageID,"['INT(10)', 'NOT NULL']",True
wcf1_user_profile_menu_item,menuItem,"['VARCHAR(255)', 'NOT NULL']",False
wcf1_user_profile_menu_item,showOrder,"['INT(10)', 'NOT NULL', 'DEFAULT', '0']",True
wcf1_user_profile_menu_item,permissions,"['TEXT', 'NULL', 'options', 'TEXT', 'NULL']",False
wcf1_user_profile_menu_item,className,"['VARCHAR(255)', 'NOT NULL', 'UNIQUE']",False
wcf1_user_profile_visitor,visitorID,"['INT(10)', 'NOT NULL', 'AUTO_INCREMENT']",True
wcf1_user_profile_visitor,ownerID,['INT(10)'],True
wcf1_user_profile_visitor,userID,"['KEY', '(time)']",True
wcf1_user_rank,rankID,"['INT(10)', 'NOT NULL', 'AUTO_INCREMENT']",True
wcf1_user_rank,groupID,"['INT(10)', 'NOT NULL']",True
wcf1_user_rank,requiredPoints,"['INT(10)', 'NOT NULL', 'DEFAULT', '0']",True
wcf1_user_rank,rankTitle,"['VARCHAR(255)', 'NOT NULL', 'DEFAULT', ""''""]",False
wcf1_user_rank,cssClassName,"['VARCHAR(255)', 'NOT NULL', 'DEFAULT', ""''""]",False
wcf1_user_rank,rankImage,"['VARCHAR(255)', 'NOT NULL', 'DEFAULT', ""''""]",False
wcf1_user_rank,repeatImage,"['TINYINT(3)', 'NOT NULL', 'DEFAULT', '1']",True
wcf1_user_rank,requiredGender,"['TINYINT(1)', 'NOT NULL', 'DEFAULT', '0']",True
wcf1_user_storage,userID,"['INT(10)', 'NOT NULL']",True
wcf1_user_storage,field,"['VARCHAR(80)', 'NOT NULL', 'DEFAULT', ""''""]",False
wcf1_user_storage,fieldValue,"['MEDIUMTEXT', 'UNIQUE']",False
wcf1_user_to_group,userID,"['INT(10)', 'NOT NULL']",True
wcf1_user_to_group,groupID,"['INT(10)', 'NOT NULL', 'UNIQUE']",True
wcf1_user_to_language,userID,"['INT(10)', 'NOT NULL']",True
wcf1_user_to_language,languageID,"['INT(10)', 'NOT NULL', 'UNIQUE']",True
