18,19,CONTAINS
19,20,CONTAINS
19,21,CONTAINS
19,23,CONTAINS
19,25,CONTAINS
19,27,CONTAINS
19,29,CONTAINS
19,36,CONTAINS
19,3,CONTAINS
19,22,CONTAINS
19,5,CONTAINS
19,24,CONTAINS
19,7,CONTAINS
19,26,CONTAINS
19,9,CONTAINS
19,28,CONTAINS
19,30,CONTAINS
19,32,CONTAINS
19,37,CONTAINS
19,38,CONTAINS
19,11,CONTAINS
19,31,CONTAINS
19,33,CONTAINS
19,16,CONTAINS
19,39,CONTAINS
19,13,CONTAINS
19,14,CONTAINS
19,15,CONTAINS
19,34,CONTAINS
19,35,CONTAINS
45,46,CONTAINS
46,47,CONTAINS
46,48,CONTAINS
46,49,CONTAINS
112,113,CONTAINS
113,114,CONTAINS
113,115,CONTAINS
113,117,CONTAINS
113,119,CONTAINS
113,121,CONTAINS
113,123,CONTAINS
113,128,CONTAINS
113,130,CONTAINS
113,245,CONTAINS
113,247,CONTAINS
113,308,CONTAINS
113,310,CONTAINS
113,116,CONTAINS
113,118,CONTAINS
113,120,CONTAINS
113,54,CONTAINS
113,122,CONTAINS
113,124,CONTAINS
113,126,CONTAINS
113,129,CONTAINS
113,131,CONTAINS
113,133,CONTAINS
113,246,CONTAINS
113,309,CONTAINS
113,311,CONTAINS
113,56,CONTAINS
113,125,CONTAINS
113,127,CONTAINS
113,59,CONTAINS
113,132,CONTAINS
113,134,CONTAINS
113,141,CONTAINS
113,58,CONTAINS
113,61,CONTAINS
113,62,CONTAINS
113,135,CONTAINS
113,142,CONTAINS
113,147,CONTAINS
113,170,CONTAINS
113,136,CONTAINS
113,137,CONTAINS
113,143,CONTAINS
113,148,CONTAINS
113,150,CONTAINS
113,156,CONTAINS
113,168,CONTAINS
113,171,CONTAINS
113,64,CONTAINS
113,138,CONTAINS
113,65,CONTAINS
113,144,CONTAINS
113,149,CONTAINS
113,151,CONTAINS
113,157,CONTAINS
113,169,CONTAINS
113,172,CONTAINS
113,178,CONTAINS
113,139,CONTAINS
113,140,CONTAINS
113,145,CONTAINS
113,146,CONTAINS
113,152,CONTAINS
113,153,CONTAINS
113,155,CONTAINS
113,158,CONTAINS
113,159,CONTAINS
113,161,CONTAINS
113,162,CONTAINS
113,164,CONTAINS
113,165,CONTAINS
113,167,CONTAINS
113,71,CONTAINS
113,173,CONTAINS
113,177,CONTAINS
113,179,CONTAINS
113,67,CONTAINS
113,154,CONTAINS
113,68,CONTAINS
113,160,CONTAINS
113,69,CONTAINS
113,163,CONTAINS
113,70,CONTAINS
113,166,CONTAINS
113,72,CONTAINS
113,174,CONTAINS
113,180,CONTAINS
113,189,CONTAINS
113,211,CONTAINS
113,175,CONTAINS
113,176,CONTAINS
113,181,CONTAINS
113,185,CONTAINS
113,190,CONTAINS
113,192,CONTAINS
113,204,CONTAINS
113,206,CONTAINS
113,212,CONTAINS
113,73,CONTAINS
113,182,CONTAINS
113,74,CONTAINS
113,186,CONTAINS
113,191,CONTAINS
113,193,CONTAINS
113,205,CONTAINS
113,207,CONTAINS
113,213,CONTAINS
113,222,CONTAINS
113,183,CONTAINS
113,184,CONTAINS
113,187,CONTAINS
113,188,CONTAINS
113,194,CONTAINS
113,195,CONTAINS
113,197,CONTAINS
113,198,CONTAINS
113,200,CONTAINS
113,201,CONTAINS
113,203,CONTAINS
113,78,CONTAINS
113,79,CONTAINS
113,208,CONTAINS
113,214,CONTAINS
113,218,CONTAINS
113,223,CONTAINS
113,225,CONTAINS
113,231,CONTAINS
113,243,CONTAINS
113,75,CONTAINS
113,196,CONTAINS
113,76,CONTAINS
113,199,CONTAINS
113,77,CONTAINS
113,202,CONTAINS
113,209,CONTAINS
113,210,CONTAINS
113,80,CONTAINS
113,215,CONTAINS
113,81,CONTAINS
113,219,CONTAINS
113,224,CONTAINS
113,226,CONTAINS
113,232,CONTAINS
113,244,CONTAINS
113,216,CONTAINS
113,217,CONTAINS
113,220,CONTAINS
113,221,CONTAINS
113,227,CONTAINS
113,228,CONTAINS
113,230,CONTAINS
113,233,CONTAINS
113,234,CONTAINS
113,236,CONTAINS
113,237,CONTAINS
113,239,CONTAINS
113,240,CONTAINS
113,242,CONTAINS
113,86,CONTAINS
113,82,CONTAINS
113,229,CONTAINS
113,83,CONTAINS
113,235,CONTAINS
113,84,CONTAINS
113,238,CONTAINS
113,85,CONTAINS
113,241,CONTAINS
247,248,CONTAINS
247,249,CONTAINS
247,253,CONTAINS
247,255,CONTAINS
247,87,CONTAINS
247,250,CONTAINS
247,91,CONTAINS
247,254,CONTAINS
247,256,CONTAINS
247,258,CONTAINS
247,251,CONTAINS
247,89,CONTAINS
247,252,CONTAINS
247,93,CONTAINS
247,94,CONTAINS
247,257,CONTAINS
247,259,CONTAINS
247,266,CONTAINS
247,282,CONTAINS
247,284,CONTAINS
247,96,CONTAINS
247,97,CONTAINS
247,260,CONTAINS
247,267,CONTAINS
247,104,CONTAINS
247,283,CONTAINS
247,285,CONTAINS
247,288,CONTAINS
247,302,CONTAINS
247,261,CONTAINS
247,262,CONTAINS
247,268,CONTAINS
247,269,CONTAINS
247,271,CONTAINS
247,272,CONTAINS
247,274,CONTAINS
247,275,CONTAINS
247,277,CONTAINS
247,278,CONTAINS
247,280,CONTAINS
247,103,CONTAINS
247,281,CONTAINS
247,106,CONTAINS
247,286,CONTAINS
247,287,CONTAINS
247,289,CONTAINS
247,295,CONTAINS
247,300,CONTAINS
247,303,CONTAINS
247,305,CONTAINS
247,98,CONTAINS
247,263,CONTAINS
247,99,CONTAINS
247,270,CONTAINS
247,100,CONTAINS
247,273,CONTAINS
247,101,CONTAINS
247,276,CONTAINS
247,102,CONTAINS
247,279,CONTAINS
247,107,CONTAINS
247,290,CONTAINS
247,296,CONTAINS
247,301,CONTAINS
247,304,CONTAINS
247,264,CONTAINS
247,265,CONTAINS
247,291,CONTAINS
247,292,CONTAINS
247,294,CONTAINS
247,110,CONTAINS
247,297,CONTAINS
247,109,CONTAINS
247,293,CONTAINS
247,298,CONTAINS
247,299,CONTAINS
317,318,CONTAINS
318,319,CONTAINS
318,320,CONTAINS
318,322,CONTAINS
318,321,CONTAINS
318,323,CONTAINS
329,330,CONTAINS
330,331,CONTAINS
330,332,CONTAINS
330,333,CONTAINS
356,357,CONTAINS
357,358,CONTAINS
357,359,CONTAINS
357,361,CONTAINS
357,366,CONTAINS
357,386,CONTAINS
357,404,CONTAINS
357,360,CONTAINS
357,338,CONTAINS
357,362,CONTAINS
357,342,CONTAINS
357,367,CONTAINS
357,376,CONTAINS
357,405,CONTAINS
357,340,CONTAINS
357,363,CONTAINS
357,368,CONTAINS
357,369,CONTAINS
357,371,CONTAINS
357,373,CONTAINS
357,375,CONTAINS
357,377,CONTAINS
357,364,CONTAINS
357,365,CONTAINS
357,343,CONTAINS
357,370,CONTAINS
357,372,CONTAINS
357,374,CONTAINS
357,378,CONTAINS
357,379,CONTAINS
357,382,CONTAINS
357,345,CONTAINS
357,380,CONTAINS
357,383,CONTAINS
357,381,CONTAINS
357,384,CONTAINS
357,385,CONTAINS
386,387,CONTAINS
386,388,CONTAINS
386,394,CONTAINS
386,396,CONTAINS
386,389,CONTAINS
386,392,CONTAINS
386,350,CONTAINS
386,395,CONTAINS
386,397,CONTAINS
386,400,CONTAINS
386,346,CONTAINS
386,390,CONTAINS
386,393,CONTAINS
386,352,CONTAINS
386,398,CONTAINS
386,401,CONTAINS
386,391,CONTAINS
386,399,CONTAINS
386,348,CONTAINS
386,354,CONTAINS
411,412,CONTAINS
412,413,CONTAINS
412,414,CONTAINS
412,416,CONTAINS
412,418,CONTAINS
412,415,CONTAINS
412,417,CONTAINS
412,419,CONTAINS
524,525,CONTAINS
525,526,CONTAINS
525,527,CONTAINS
525,529,CONTAINS
525,531,CONTAINS
525,536,CONTAINS
525,541,CONTAINS
525,553,CONTAINS
525,555,CONTAINS
525,557,CONTAINS
525,621,CONTAINS
525,623,CONTAINS
525,626,CONTAINS
525,628,CONTAINS
525,637,CONTAINS
525,701,CONTAINS
525,767,CONTAINS
525,528,CONTAINS
525,530,CONTAINS
525,424,CONTAINS
525,532,CONTAINS
525,428,CONTAINS
525,537,CONTAINS
525,431,CONTAINS
525,542,CONTAINS
525,546,CONTAINS
525,554,CONTAINS
525,438,CONTAINS
525,556,CONTAINS
525,558,CONTAINS
525,560,CONTAINS
525,622,CONTAINS
525,459,CONTAINS
525,624,CONTAINS
525,462,CONTAINS
525,627,CONTAINS
525,629,CONTAINS
525,631,CONTAINS
525,768,CONTAINS
525,426,CONTAINS
525,533,CONTAINS
525,430,CONTAINS
525,538,CONTAINS
525,543,CONTAINS
525,547,CONTAINS
525,440,CONTAINS
525,441,CONTAINS
525,559,CONTAINS
525,561,CONTAINS
525,568,CONTAINS
525,578,CONTAINS
525,584,CONTAINS
525,603,CONTAINS
525,605,CONTAINS
525,612,CONTAINS
525,614,CONTAINS
525,619,CONTAINS
525,625,CONTAINS
525,461,CONTAINS
525,464,CONTAINS
525,465,CONTAINS
525,630,CONTAINS
525,632,CONTAINS
525,534,CONTAINS
525,535,CONTAINS
525,539,CONTAINS
525,540,CONTAINS
525,432,CONTAINS
525,544,CONTAINS
525,548,CONTAINS
525,549,CONTAINS
525,443,CONTAINS
525,444,CONTAINS
525,562,CONTAINS
525,569,CONTAINS
525,579,CONTAINS
525,585,CONTAINS
525,591,CONTAINS
525,597,CONTAINS
525,604,CONTAINS
525,606,CONTAINS
525,613,CONTAINS
525,615,CONTAINS
525,620,CONTAINS
525,467,CONTAINS
525,633,CONTAINS
525,469,CONTAINS
525,470,CONTAINS
525,545,CONTAINS
525,434,CONTAINS
525,435,CONTAINS
525,550,CONTAINS
525,563,CONTAINS
525,564,CONTAINS
525,570,CONTAINS
525,571,CONTAINS
525,573,CONTAINS
525,574,CONTAINS
525,576,CONTAINS
525,449,CONTAINS
525,577,CONTAINS
525,580,CONTAINS
525,586,CONTAINS
525,590,CONTAINS
525,592,CONTAINS
525,598,CONTAINS
525,607,CONTAINS
525,608,CONTAINS
525,458,CONTAINS
525,616,CONTAINS
525,468,CONTAINS
525,634,CONTAINS
525,436,CONTAINS
525,551,CONTAINS
525,446,CONTAINS
525,565,CONTAINS
525,447,CONTAINS
525,572,CONTAINS
525,448,CONTAINS
525,575,CONTAINS
525,450,CONTAINS
525,581,CONTAINS
525,451,CONTAINS
525,587,CONTAINS
525,452,CONTAINS
525,593,CONTAINS
525,455,CONTAINS
525,599,CONTAINS
525,457,CONTAINS
525,609,CONTAINS
525,617,CONTAINS
525,618,CONTAINS
525,635,CONTAINS
525,636,CONTAINS
525,552,CONTAINS
525,437,CONTAINS
525,566,CONTAINS
525,567,CONTAINS
525,582,CONTAINS
525,583,CONTAINS
525,588,CONTAINS
525,589,CONTAINS
525,454,CONTAINS
525,594,CONTAINS
525,456,CONTAINS
525,600,CONTAINS
525,610,CONTAINS
525,611,CONTAINS
525,595,CONTAINS
525,596,CONTAINS
525,601,CONTAINS
525,602,CONTAINS
637,638,CONTAINS
637,639,CONTAINS
637,642,CONTAINS
637,644,CONTAINS
637,471,CONTAINS
637,640,CONTAINS
637,475,CONTAINS
637,643,CONTAINS
637,645,CONTAINS
637,647,CONTAINS
637,641,CONTAINS
637,473,CONTAINS
637,477,CONTAINS
637,478,CONTAINS
637,646,CONTAINS
637,648,CONTAINS
637,655,CONTAINS
637,657,CONTAINS
637,692,CONTAINS
637,697,CONTAINS
637,480,CONTAINS
637,481,CONTAINS
637,649,CONTAINS
637,656,CONTAINS
637,658,CONTAINS
637,659,CONTAINS
637,673,CONTAINS
637,693,CONTAINS
637,494,CONTAINS
637,496,CONTAINS
637,698,CONTAINS
637,650,CONTAINS
637,651,CONTAINS
637,483,CONTAINS
637,660,CONTAINS
637,666,CONTAINS
637,674,CONTAINS
637,493,CONTAINS
637,694,CONTAINS
637,482,CONTAINS
637,652,CONTAINS
637,661,CONTAINS
637,667,CONTAINS
637,488,CONTAINS
637,675,CONTAINS
637,695,CONTAINS
637,696,CONTAINS
637,653,CONTAINS
637,654,CONTAINS
637,662,CONTAINS
637,663,CONTAINS
637,665,CONTAINS
637,668,CONTAINS
637,669,CONTAINS
637,671,CONTAINS
637,487,CONTAINS
637,672,CONTAINS
637,676,CONTAINS
637,685,CONTAINS
637,485,CONTAINS
637,664,CONTAINS
637,486,CONTAINS
637,670,CONTAINS
637,677,CONTAINS
637,686,CONTAINS
637,678,CONTAINS
637,679,CONTAINS
637,681,CONTAINS
637,682,CONTAINS
637,684,CONTAINS
637,687,CONTAINS
637,688,CONTAINS
637,690,CONTAINS
637,492,CONTAINS
637,691,CONTAINS
637,489,CONTAINS
637,680,CONTAINS
637,490,CONTAINS
637,683,CONTAINS
637,491,CONTAINS
637,689,CONTAINS
701,702,CONTAINS
701,703,CONTAINS
701,706,CONTAINS
701,708,CONTAINS
701,497,CONTAINS
701,704,CONTAINS
701,501,CONTAINS
701,707,CONTAINS
701,709,CONTAINS
701,711,CONTAINS
701,705,CONTAINS
701,499,CONTAINS
701,503,CONTAINS
701,504,CONTAINS
701,710,CONTAINS
701,712,CONTAINS
701,719,CONTAINS
701,721,CONTAINS
701,751,CONTAINS
701,758,CONTAINS
701,763,CONTAINS
701,505,CONTAINS
701,506,CONTAINS
701,713,CONTAINS
701,720,CONTAINS
701,722,CONTAINS
701,727,CONTAINS
701,738,CONTAINS
701,752,CONTAINS
701,759,CONTAINS
701,521,CONTAINS
701,522,CONTAINS
701,764,CONTAINS
701,714,CONTAINS
701,715,CONTAINS
701,723,CONTAINS
701,509,CONTAINS
701,728,CONTAINS
701,739,CONTAINS
701,753,CONTAINS
701,754,CONTAINS
701,756,CONTAINS
701,519,CONTAINS
701,757,CONTAINS
701,520,CONTAINS
701,760,CONTAINS
701,507,CONTAINS
701,716,CONTAINS
701,508,CONTAINS
701,724,CONTAINS
701,729,CONTAINS
701,740,CONTAINS
701,745,CONTAINS
701,518,CONTAINS
701,755,CONTAINS
701,761,CONTAINS
701,762,CONTAINS
701,717,CONTAINS
701,718,CONTAINS
701,725,CONTAINS
701,726,CONTAINS
701,730,CONTAINS
701,731,CONTAINS
701,733,CONTAINS
701,512,CONTAINS
701,734,CONTAINS
701,735,CONTAINS
701,737,CONTAINS
701,741,CONTAINS
701,516,CONTAINS
701,746,CONTAINS
701,511,CONTAINS
701,732,CONTAINS
701,514,CONTAINS
701,736,CONTAINS
701,515,CONTAINS
701,742,CONTAINS
701,747,CONTAINS
701,743,CONTAINS
701,744,CONTAINS
701,748,CONTAINS
701,749,CONTAINS
701,517,CONTAINS
701,750,CONTAINS
774,775,CONTAINS
775,776,CONTAINS
775,777,CONTAINS
775,778,CONTAINS
832,833,CONTAINS
833,834,CONTAINS
833,835,CONTAINS
833,837,CONTAINS
833,839,CONTAINS
833,845,CONTAINS
833,850,CONTAINS
833,856,CONTAINS
833,859,CONTAINS
833,861,CONTAINS
833,885,CONTAINS
833,890,CONTAINS
833,893,CONTAINS
833,901,CONTAINS
833,903,CONTAINS
833,905,CONTAINS
833,836,CONTAINS
833,838,CONTAINS
833,783,CONTAINS
833,840,CONTAINS
833,787,CONTAINS
833,846,CONTAINS
833,790,CONTAINS
833,851,CONTAINS
833,793,CONTAINS
833,857,CONTAINS
833,796,CONTAINS
833,860,CONTAINS
833,862,CONTAINS
833,864,CONTAINS
833,865,CONTAINS
833,866,CONTAINS
833,816,CONTAINS
833,886,CONTAINS
833,819,CONTAINS
833,891,CONTAINS
833,821,CONTAINS
833,894,CONTAINS
833,828,CONTAINS
833,902,CONTAINS
833,904,CONTAINS
833,906,CONTAINS
833,841,CONTAINS
833,789,CONTAINS
833,847,CONTAINS
833,852,CONTAINS
833,858,CONTAINS
833,795,CONTAINS
833,798,CONTAINS
833,799,CONTAINS
833,863,CONTAINS
833,801,CONTAINS
833,802,CONTAINS
833,803,CONTAINS
833,867,CONTAINS
833,818,CONTAINS
833,887,CONTAINS
833,892,CONTAINS
833,895,CONTAINS
833,823,CONTAINS
833,896,CONTAINS
833,824,CONTAINS
833,897,CONTAINS
833,825,CONTAINS
833,898,CONTAINS
833,826,CONTAINS
833,899,CONTAINS
833,827,CONTAINS
833,900,CONTAINS
833,830,CONTAINS
833,785,CONTAINS
833,842,CONTAINS
833,848,CONTAINS
833,849,CONTAINS
833,792,CONTAINS
833,853,CONTAINS
833,868,CONTAINS
833,871,CONTAINS
833,879,CONTAINS
833,888,CONTAINS
833,889,CONTAINS
833,843,CONTAINS
833,844,CONTAINS
833,854,CONTAINS
833,855,CONTAINS
833,869,CONTAINS
833,870,CONTAINS
833,872,CONTAINS
833,880,CONTAINS
833,804,CONTAINS
833,805,CONTAINS
833,806,CONTAINS
833,873,CONTAINS
833,812,CONTAINS
833,881,CONTAINS
833,808,CONTAINS
833,874,CONTAINS
833,813,CONTAINS
833,882,CONTAINS
833,875,CONTAINS
833,809,CONTAINS
833,876,CONTAINS
833,877,CONTAINS
833,878,CONTAINS
833,883,CONTAINS
833,884,CONTAINS
833,810,CONTAINS
833,811,CONTAINS
833,814,CONTAINS
833,815,CONTAINS
961,962,CONTAINS
962,963,CONTAINS
962,964,CONTAINS
962,966,CONTAINS
962,968,CONTAINS
962,970,CONTAINS
962,976,CONTAINS
962,982,CONTAINS
962,988,CONTAINS
962,991,CONTAINS
962,993,CONTAINS
962,1017,CONTAINS
962,1045,CONTAINS
962,965,CONTAINS
962,967,CONTAINS
962,969,CONTAINS
962,911,CONTAINS
962,971,CONTAINS
962,915,CONTAINS
962,977,CONTAINS
962,918,CONTAINS
962,983,CONTAINS
962,921,CONTAINS
962,989,CONTAINS
962,924,CONTAINS
962,992,CONTAINS
962,994,CONTAINS
962,996,CONTAINS
962,997,CONTAINS
962,998,CONTAINS
962,1018,CONTAINS
962,1023,CONTAINS
962,1026,CONTAINS
962,1046,CONTAINS
962,972,CONTAINS
962,978,CONTAINS
962,984,CONTAINS
962,990,CONTAINS
962,923,CONTAINS
962,926,CONTAINS
962,927,CONTAINS
962,995,CONTAINS
962,929,CONTAINS
962,930,CONTAINS
962,931,CONTAINS
962,999,CONTAINS
962,1019,CONTAINS
962,1022,CONTAINS
962,1024,CONTAINS
962,1027,CONTAINS
962,913,CONTAINS
962,973,CONTAINS
962,917,CONTAINS
962,979,CONTAINS
962,920,CONTAINS
962,985,CONTAINS
962,1000,CONTAINS
962,1003,CONTAINS
962,1011,CONTAINS
962,1020,CONTAINS
962,1021,CONTAINS
962,946,CONTAINS
962,1025,CONTAINS
962,1028,CONTAINS
962,1030,CONTAINS
962,974,CONTAINS
962,975,CONTAINS
962,980,CONTAINS
962,981,CONTAINS
962,986,CONTAINS
962,987,CONTAINS
962,1001,CONTAINS
962,1002,CONTAINS
962,1004,CONTAINS
962,1012,CONTAINS
962,944,CONTAINS
962,945,CONTAINS
962,1029,CONTAINS
962,949,CONTAINS
962,1031,CONTAINS
962,1034,CONTAINS
962,1041,CONTAINS
962,1043,CONTAINS
962,932,CONTAINS
962,933,CONTAINS
962,934,CONTAINS
962,1005,CONTAINS
962,940,CONTAINS
962,1013,CONTAINS
962,947,CONTAINS
962,948,CONTAINS
962,950,CONTAINS
962,1032,CONTAINS
962,952,CONTAINS
962,1035,CONTAINS
962,958,CONTAINS
962,1042,CONTAINS
962,1044,CONTAINS
962,936,CONTAINS
962,1006,CONTAINS
962,941,CONTAINS
962,1014,CONTAINS
962,1033,CONTAINS
962,1036,CONTAINS
962,954,CONTAINS
962,1037,CONTAINS
962,955,CONTAINS
962,1038,CONTAINS
962,956,CONTAINS
962,1039,CONTAINS
962,957,CONTAINS
962,1040,CONTAINS
962,959,CONTAINS
962,1007,CONTAINS
962,937,CONTAINS
962,1008,CONTAINS
962,1009,CONTAINS
962,1010,CONTAINS
962,1015,CONTAINS
962,1016,CONTAINS
962,938,CONTAINS
962,939,CONTAINS
962,942,CONTAINS
962,943,CONTAINS
1073,1076,CONTAINS
1078,1081,CONTAINS
1083,1087,CONTAINS
1089,1091,CONTAINS
1093,1096,CONTAINS
1098,1099,CONTAINS
1101,1103,CONTAINS
1105,1107,CONTAINS
1109,1111,CONTAINS
1113,1115,CONTAINS
1117,1119,CONTAINS
1121,1124,CONTAINS
1126,1129,CONTAINS
1131,1134,CONTAINS
1136,1138,CONTAINS
1140,1150,CONTAINS
1152,1155,CONTAINS
1157,1160,CONTAINS
1162,1165,CONTAINS
1167,1168,CONTAINS
1170,1173,CONTAINS
1175,1177,CONTAINS
1179,1181,CONTAINS
1183,1186,CONTAINS
1188,1190,CONTAINS
1192,1195,CONTAINS
1197,1199,CONTAINS
1201,1204,CONTAINS
1206,1208,CONTAINS
1210,1213,CONTAINS
