21,3,ARGUMENT
21,22,ARGUMENT
23,5,ARGUMENT
23,24,ARGUMENT
25,7,ARGUMENT
25,26,ARGUMENT
27,9,ARGUMENT
27,28,ARGUMENT
29,30,ARGUMENT
29,32,ARGUMENT
30,11,ARGUMENT
30,31,ARGUMENT
31,13,ARGUMENT
31,14,ARGUMENT
31,15,ARGUMENT
32,33,ARGUMENT
33,34,ARGUMENT
33,35,ARGUMENT
36,37,ARGUMENT
36,38,ARGUMENT
37,16,ARGUMENT
38,39,ARGUMENT
48,49,ARGUMENT
115,116,ARGUMENT
117,118,ARGUMENT
119,120,ARGUMENT
121,54,ARGUMENT
121,122,ARGUMENT
123,124,ARGUMENT
123,126,ARGUMENT
124,56,ARGUMENT
124,125,ARGUMENT
125,58,ARGUMENT
126,127,ARGUMENT
128,129,ARGUMENT
131,59,ARGUMENT
131,132,ARGUMENT
132,61,ARGUMENT
134,62,ARGUMENT
134,135,ARGUMENT
135,136,ARGUMENT
135,137,ARGUMENT
137,64,ARGUMENT
137,138,ARGUMENT
138,139,ARGUMENT
138,140,ARGUMENT
142,143,ARGUMENT
143,65,ARGUMENT
143,144,ARGUMENT
144,145,ARGUMENT
144,146,ARGUMENT
148,149,ARGUMENT
150,151,ARGUMENT
151,152,ARGUMENT
151,153,ARGUMENT
151,155,ARGUMENT
153,67,ARGUMENT
153,154,ARGUMENT
156,157,ARGUMENT
157,158,ARGUMENT
157,159,ARGUMENT
157,161,ARGUMENT
157,162,ARGUMENT
157,164,ARGUMENT
157,165,ARGUMENT
157,167,ARGUMENT
157,71,ARGUMENT
159,68,ARGUMENT
159,160,ARGUMENT
162,69,ARGUMENT
162,163,ARGUMENT
165,70,ARGUMENT
165,166,ARGUMENT
168,169,ARGUMENT
172,173,ARGUMENT
172,177,ARGUMENT
173,72,ARGUMENT
173,174,ARGUMENT
174,175,ARGUMENT
174,176,ARGUMENT
180,181,ARGUMENT
180,185,ARGUMENT
181,73,ARGUMENT
181,182,ARGUMENT
182,183,ARGUMENT
182,184,ARGUMENT
185,74,ARGUMENT
185,186,ARGUMENT
186,187,ARGUMENT
186,188,ARGUMENT
190,191,ARGUMENT
192,193,ARGUMENT
193,194,ARGUMENT
193,195,ARGUMENT
193,197,ARGUMENT
193,198,ARGUMENT
193,200,ARGUMENT
193,201,ARGUMENT
193,203,ARGUMENT
193,78,ARGUMENT
195,75,ARGUMENT
195,196,ARGUMENT
198,76,ARGUMENT
198,199,ARGUMENT
201,77,ARGUMENT
201,202,ARGUMENT
204,205,ARGUMENT
206,207,ARGUMENT
207,79,ARGUMENT
207,208,ARGUMENT
208,209,ARGUMENT
208,210,ARGUMENT
213,214,ARGUMENT
213,218,ARGUMENT
214,80,ARGUMENT
214,215,ARGUMENT
215,216,ARGUMENT
215,217,ARGUMENT
218,81,ARGUMENT
218,219,ARGUMENT
219,220,ARGUMENT
219,221,ARGUMENT
223,224,ARGUMENT
225,226,ARGUMENT
226,227,ARGUMENT
226,228,ARGUMENT
226,230,ARGUMENT
228,82,ARGUMENT
228,229,ARGUMENT
231,232,ARGUMENT
232,233,ARGUMENT
232,234,ARGUMENT
232,236,ARGUMENT
232,237,ARGUMENT
232,239,ARGUMENT
232,240,ARGUMENT
232,242,ARGUMENT
232,86,ARGUMENT
234,83,ARGUMENT
234,235,ARGUMENT
237,84,ARGUMENT
237,238,ARGUMENT
240,85,ARGUMENT
240,241,ARGUMENT
243,244,ARGUMENT
245,246,ARGUMENT
249,87,ARGUMENT
249,250,ARGUMENT
250,251,ARGUMENT
250,89,ARGUMENT
250,252,ARGUMENT
253,91,ARGUMENT
253,254,ARGUMENT
254,93,ARGUMENT
256,94,ARGUMENT
256,257,ARGUMENT
257,96,ARGUMENT
259,97,ARGUMENT
259,260,ARGUMENT
260,261,ARGUMENT
260,262,ARGUMENT
262,98,ARGUMENT
262,263,ARGUMENT
263,264,ARGUMENT
263,265,ARGUMENT
266,267,ARGUMENT
267,268,ARGUMENT
267,269,ARGUMENT
267,271,ARGUMENT
267,272,ARGUMENT
267,274,ARGUMENT
267,275,ARGUMENT
267,277,ARGUMENT
267,278,ARGUMENT
267,280,ARGUMENT
267,103,ARGUMENT
267,281,ARGUMENT
269,99,ARGUMENT
269,270,ARGUMENT
272,100,ARGUMENT
272,273,ARGUMENT
275,101,ARGUMENT
275,276,ARGUMENT
278,102,ARGUMENT
278,279,ARGUMENT
282,104,ARGUMENT
282,283,ARGUMENT
283,106,ARGUMENT
285,286,ARGUMENT
285,287,ARGUMENT
289,107,ARGUMENT
289,290,ARGUMENT
290,291,ARGUMENT
290,292,ARGUMENT
290,294,ARGUMENT
292,109,ARGUMENT
292,293,ARGUMENT
295,296,ARGUMENT
296,110,ARGUMENT
296,297,ARGUMENT
297,298,ARGUMENT
297,299,ARGUMENT
300,301,ARGUMENT
303,304,ARGUMENT
308,309,ARGUMENT
310,311,ARGUMENT
320,321,ARGUMENT
322,323,ARGUMENT
332,333,ARGUMENT
359,360,ARGUMENT
361,338,ARGUMENT
361,362,ARGUMENT
362,340,ARGUMENT
362,363,ARGUMENT
363,364,ARGUMENT
363,365,ARGUMENT
368,343,ARGUMENT
369,370,ARGUMENT
371,372,ARGUMENT
373,374,ARGUMENT
378,345,ARGUMENT
380,381,ARGUMENT
383,384,ARGUMENT
383,385,ARGUMENT
388,389,ARGUMENT
388,392,ARGUMENT
389,346,ARGUMENT
389,390,ARGUMENT
390,391,ARGUMENT
391,348,ARGUMENT
392,393,ARGUMENT
394,350,ARGUMENT
394,395,ARGUMENT
396,397,ARGUMENT
396,400,ARGUMENT
397,352,ARGUMENT
397,398,ARGUMENT
398,399,ARGUMENT
399,354,ARGUMENT
400,401,ARGUMENT
404,405,ARGUMENT
414,415,ARGUMENT
416,417,ARGUMENT
418,419,ARGUMENT
527,528,ARGUMENT
529,530,ARGUMENT
531,424,ARGUMENT
531,532,ARGUMENT
532,426,ARGUMENT
532,533,ARGUMENT
533,534,ARGUMENT
533,535,ARGUMENT
536,428,ARGUMENT
536,537,ARGUMENT
537,430,ARGUMENT
537,538,ARGUMENT
538,539,ARGUMENT
538,540,ARGUMENT
543,432,ARGUMENT
543,544,ARGUMENT
544,545,ARGUMENT
544,434,ARGUMENT
548,435,ARGUMENT
550,436,ARGUMENT
550,551,ARGUMENT
551,552,ARGUMENT
551,437,ARGUMENT
553,554,ARGUMENT
555,438,ARGUMENT
555,556,ARGUMENT
556,440,ARGUMENT
558,441,ARGUMENT
558,559,ARGUMENT
559,443,ARGUMENT
561,444,ARGUMENT
561,562,ARGUMENT
562,563,ARGUMENT
562,564,ARGUMENT
564,446,ARGUMENT
564,565,ARGUMENT
565,566,ARGUMENT
565,567,ARGUMENT
568,569,ARGUMENT
569,570,ARGUMENT
569,571,ARGUMENT
569,573,ARGUMENT
569,574,ARGUMENT
569,576,ARGUMENT
569,449,ARGUMENT
569,577,ARGUMENT
571,447,ARGUMENT
571,572,ARGUMENT
574,448,ARGUMENT
574,575,ARGUMENT
578,579,ARGUMENT
579,580,ARGUMENT
580,450,ARGUMENT
580,581,ARGUMENT
581,582,ARGUMENT
581,583,ARGUMENT
585,586,ARGUMENT
585,590,ARGUMENT
586,451,ARGUMENT
586,587,ARGUMENT
587,588,ARGUMENT
587,589,ARGUMENT
592,452,ARGUMENT
592,593,ARGUMENT
593,454,ARGUMENT
593,594,ARGUMENT
594,595,ARGUMENT
594,596,ARGUMENT
598,455,ARGUMENT
598,599,ARGUMENT
599,456,ARGUMENT
599,600,ARGUMENT
600,601,ARGUMENT
600,602,ARGUMENT
603,604,ARGUMENT
605,606,ARGUMENT
606,607,ARGUMENT
606,608,ARGUMENT
608,457,ARGUMENT
608,609,ARGUMENT
609,610,ARGUMENT
609,611,ARGUMENT
612,613,ARGUMENT
614,615,ARGUMENT
615,458,ARGUMENT
615,616,ARGUMENT
616,617,ARGUMENT
616,618,ARGUMENT
619,620,ARGUMENT
621,622,ARGUMENT
623,459,ARGUMENT
623,624,ARGUMENT
624,625,ARGUMENT
624,461,ARGUMENT
626,462,ARGUMENT
626,627,ARGUMENT
627,464,ARGUMENT
629,465,ARGUMENT
629,630,ARGUMENT
630,467,ARGUMENT
632,633,ARGUMENT
632,469,ARGUMENT
632,470,ARGUMENT
633,468,ARGUMENT
633,634,ARGUMENT
634,635,ARGUMENT
634,636,ARGUMENT
639,471,ARGUMENT
639,640,ARGUMENT
640,641,ARGUMENT
640,473,ARGUMENT
642,475,ARGUMENT
642,643,ARGUMENT
643,477,ARGUMENT
645,478,ARGUMENT
645,646,ARGUMENT
646,480,ARGUMENT
648,481,ARGUMENT
648,649,ARGUMENT
649,650,ARGUMENT
649,651,ARGUMENT
651,482,ARGUMENT
651,652,ARGUMENT
652,653,ARGUMENT
652,654,ARGUMENT
655,656,ARGUMENT
658,483,ARGUMENT
660,661,ARGUMENT
661,662,ARGUMENT
661,663,ARGUMENT
661,665,ARGUMENT
663,485,ARGUMENT
663,664,ARGUMENT
666,667,ARGUMENT
667,668,ARGUMENT
667,669,ARGUMENT
667,671,ARGUMENT
667,487,ARGUMENT
667,672,ARGUMENT
669,486,ARGUMENT
669,670,ARGUMENT
676,677,ARGUMENT
677,678,ARGUMENT
677,679,ARGUMENT
677,681,ARGUMENT
677,682,ARGUMENT
677,684,ARGUMENT
679,489,ARGUMENT
679,680,ARGUMENT
682,490,ARGUMENT
682,683,ARGUMENT
685,686,ARGUMENT
686,687,ARGUMENT
686,688,ARGUMENT
686,690,ARGUMENT
686,492,ARGUMENT
686,691,ARGUMENT
688,491,ARGUMENT
688,689,ARGUMENT
692,693,ARGUMENT
692,494,ARGUMENT
692,496,ARGUMENT
693,493,ARGUMENT
693,694,ARGUMENT
694,695,ARGUMENT
694,696,ARGUMENT
697,698,ARGUMENT
703,497,ARGUMENT
703,704,ARGUMENT
704,705,ARGUMENT
704,499,ARGUMENT
706,501,ARGUMENT
706,707,ARGUMENT
707,503,ARGUMENT
709,504,ARGUMENT
709,710,ARGUMENT
710,505,ARGUMENT
712,506,ARGUMENT
712,713,ARGUMENT
713,714,ARGUMENT
713,715,ARGUMENT
715,507,ARGUMENT
715,716,ARGUMENT
716,717,ARGUMENT
716,718,ARGUMENT
719,720,ARGUMENT
722,723,ARGUMENT
722,509,ARGUMENT
723,508,ARGUMENT
723,724,ARGUMENT
724,725,ARGUMENT
724,726,ARGUMENT
728,729,ARGUMENT
729,730,ARGUMENT
729,731,ARGUMENT
729,733,ARGUMENT
729,512,ARGUMENT
729,734,ARGUMENT
729,735,ARGUMENT
729,737,ARGUMENT
731,511,ARGUMENT
731,732,ARGUMENT
735,514,ARGUMENT
735,736,ARGUMENT
740,741,ARGUMENT
740,516,ARGUMENT
741,515,ARGUMENT
741,742,ARGUMENT
742,743,ARGUMENT
742,744,ARGUMENT
746,747,ARGUMENT
747,748,ARGUMENT
747,749,ARGUMENT
749,517,ARGUMENT
749,750,ARGUMENT
751,752,ARGUMENT
752,753,ARGUMENT
752,754,ARGUMENT
752,756,ARGUMENT
752,519,ARGUMENT
752,757,ARGUMENT
754,518,ARGUMENT
754,755,ARGUMENT
758,759,ARGUMENT
758,521,ARGUMENT
758,522,ARGUMENT
759,520,ARGUMENT
759,760,ARGUMENT
760,761,ARGUMENT
760,762,ARGUMENT
763,764,ARGUMENT
767,768,ARGUMENT
777,778,ARGUMENT
835,836,ARGUMENT
837,838,ARGUMENT
839,783,ARGUMENT
839,840,ARGUMENT
840,841,ARGUMENT
841,785,ARGUMENT
841,842,ARGUMENT
842,843,ARGUMENT
842,844,ARGUMENT
845,787,ARGUMENT
845,846,ARGUMENT
846,789,ARGUMENT
846,847,ARGUMENT
847,848,ARGUMENT
847,849,ARGUMENT
850,790,ARGUMENT
850,851,ARGUMENT
851,852,ARGUMENT
852,792,ARGUMENT
852,853,ARGUMENT
853,854,ARGUMENT
853,855,ARGUMENT
856,793,ARGUMENT
856,857,ARGUMENT
857,858,ARGUMENT
857,795,ARGUMENT
859,796,ARGUMENT
859,860,ARGUMENT
860,798,ARGUMENT
862,799,ARGUMENT
862,863,ARGUMENT
864,801,ARGUMENT
864,802,ARGUMENT
865,803,ARGUMENT
868,869,ARGUMENT
868,870,ARGUMENT
870,804,ARGUMENT
870,805,ARGUMENT
872,806,ARGUMENT
872,873,ARGUMENT
873,808,ARGUMENT
873,874,ARGUMENT
874,875,ARGUMENT
874,809,ARGUMENT
874,876,ARGUMENT
874,877,ARGUMENT
874,878,ARGUMENT
877,810,ARGUMENT
877,811,ARGUMENT
880,812,ARGUMENT
880,881,ARGUMENT
881,813,ARGUMENT
881,882,ARGUMENT
882,883,ARGUMENT
882,884,ARGUMENT
884,814,ARGUMENT
884,815,ARGUMENT
885,816,ARGUMENT
885,886,ARGUMENT
886,818,ARGUMENT
886,887,ARGUMENT
887,888,ARGUMENT
887,889,ARGUMENT
890,819,ARGUMENT
890,891,ARGUMENT
891,892,ARGUMENT
893,821,ARGUMENT
893,894,ARGUMENT
894,895,ARGUMENT
894,823,ARGUMENT
894,896,ARGUMENT
894,824,ARGUMENT
894,897,ARGUMENT
894,825,ARGUMENT
894,898,ARGUMENT
894,826,ARGUMENT
894,899,ARGUMENT
894,827,ARGUMENT
894,900,ARGUMENT
901,828,ARGUMENT
901,902,ARGUMENT
902,830,ARGUMENT
903,904,ARGUMENT
905,906,ARGUMENT
964,965,ARGUMENT
966,967,ARGUMENT
968,969,ARGUMENT
970,911,ARGUMENT
970,971,ARGUMENT
971,972,ARGUMENT
972,913,ARGUMENT
972,973,ARGUMENT
973,974,ARGUMENT
973,975,ARGUMENT
976,915,ARGUMENT
976,977,ARGUMENT
977,978,ARGUMENT
978,917,ARGUMENT
978,979,ARGUMENT
979,980,ARGUMENT
979,981,ARGUMENT
982,918,ARGUMENT
982,983,ARGUMENT
983,984,ARGUMENT
984,920,ARGUMENT
984,985,ARGUMENT
985,986,ARGUMENT
985,987,ARGUMENT
988,921,ARGUMENT
988,989,ARGUMENT
989,990,ARGUMENT
989,923,ARGUMENT
991,924,ARGUMENT
991,992,ARGUMENT
992,926,ARGUMENT
994,927,ARGUMENT
994,995,ARGUMENT
996,929,ARGUMENT
996,930,ARGUMENT
997,931,ARGUMENT
1000,1001,ARGUMENT
1000,1002,ARGUMENT
1002,932,ARGUMENT
1002,933,ARGUMENT
1004,934,ARGUMENT
1004,1005,ARGUMENT
1005,936,ARGUMENT
1005,1006,ARGUMENT
1006,1007,ARGUMENT
1006,937,ARGUMENT
1006,1008,ARGUMENT
1006,1009,ARGUMENT
1006,1010,ARGUMENT
1009,938,ARGUMENT
1009,939,ARGUMENT
1012,940,ARGUMENT
1012,1013,ARGUMENT
1013,941,ARGUMENT
1013,1014,ARGUMENT
1014,1015,ARGUMENT
1014,1016,ARGUMENT
1016,942,ARGUMENT
1016,943,ARGUMENT
1018,1019,ARGUMENT
1018,1022,ARGUMENT
1019,1020,ARGUMENT
1019,1021,ARGUMENT
1020,944,ARGUMENT
1021,945,ARGUMENT
1022,946,ARGUMENT
1024,1025,ARGUMENT
1028,1029,ARGUMENT
1028,949,ARGUMENT
1029,947,ARGUMENT
1029,948,ARGUMENT
1031,950,ARGUMENT
1031,1032,ARGUMENT
1032,1033,ARGUMENT
1034,952,ARGUMENT
1034,1035,ARGUMENT
1035,1036,ARGUMENT
1035,954,ARGUMENT
1035,1037,ARGUMENT
1035,955,ARGUMENT
1035,1038,ARGUMENT
1035,956,ARGUMENT
1035,1039,ARGUMENT
1035,957,ARGUMENT
1035,1040,ARGUMENT
1041,958,ARGUMENT
1041,1042,ARGUMENT
1042,959,ARGUMENT
1043,1044,ARGUMENT
1045,1046,ARGUMENT
