40,MODIFIER,<empty>,,,VIRTUAL,2
41,MODIFIER,<empty>,,,PUBLIC,3
42,MODIFIER,<empty>,,,STATIC,4
50,MODIFIER,<empty>,,,VIRTUAL,2
51,MODIFIER,<empty>,,,PUBLIC,3
52,MODIFIER,<empty>,,,STATIC,4
306,MODIFIER,<empty>,,,PUBLIC,3
312,MODIFIER,<empty>,,,VIRTUAL,2
313,MODIFIER,<empty>,,,PUBLIC,3
314,MODIFIER,<empty>,,,STATIC,4
324,MODIFIER,<empty>,,,VIRTUAL,2
325,MODIFIER,<empty>,,,PUBLIC,3
326,MODIFIER,<empty>,,,STATIC,4
334,MODIFIER,<empty>,,,VIRTUAL,2
335,MODIFIER,<empty>,,,PUBLIC,3
336,MODIFIER,<empty>,,,STATIC,4
402,MODIFIER,<empty>,,,PUBLIC,3
406,MODIFIER,<empty>,,,VIRTUAL,2
407,MODIFIER,<empty>,,,PUBLIC,3
408,MODIFIER,<empty>,,,STATIC,4
420,MODIFIER,<empty>,,,VIRTUAL,2
421,MODIFIER,<empty>,,,PUBLIC,3
422,MODIFIER,<empty>,,,STATIC,4
699,MODIFIER,<empty>,,,PUBLIC,5
765,MODIFIER,<empty>,,,PUBLIC,5
769,MODIFIER,<empty>,,,VIRTUAL,2
770,MODIFIER,<empty>,,,PUBLIC,3
771,MODIFIER,<empty>,,,STATIC,4
779,MODIFIER,<empty>,,,VIRTUAL,2
780,MODIFIER,<empty>,,,PUBLIC,3
781,MODIFIER,<empty>,,,STATIC,4
907,MODIFIER,<empty>,,,VIRTUAL,2
908,MODIFIER,<empty>,,,PUBLIC,3
909,MODIFIER,<empty>,,,STATIC,4
1047,MODIFIER,<empty>,,,VIRTUAL,2
1048,MODIFIER,<empty>,,,PUBLIC,3
1049,MODIFIER,<empty>,,,STATIC,4
